CASE_ID,ACCIDENT_YEAR,PROC_DATE,JURIS,COLLISION_DATE,COLLISION_TIME,OFFICER_ID,REPORTING_DISTRICT,DAY_OF_WEEK,CHP_SHIFT,POPULATION,CNTY_CITY_LOC,SPECIAL_COND,BEAT_TYPE,CHP_BEAT_TYPE,CITY_DIVISION_LAPD,CHP_BEAT_CLASS,BEAT_NUMBER,PRIMARY_RD,SECONDARY_RD,DISTANCE,DIRECTION,INTERSECTION,WEATHER_1,WEATHER_2,STATE_HWY_IND,CALTRANS_COUNTY,CALTRANS_DISTRICT,STATE_ROUTE,ROUTE_SUFFIX,POSTMILE_PREFIX,POSTMILE,LOCATION_TYPE,RAMP_INTERSECTION,SIDE_OF_HWY,TOW_AWAY,COLLISION_SEVERITY,NUMBER_KILLED,NUMBER_INJURED,PARTY_COUNT,PRIMARY_COLL_FACTOR,PCF_CODE_OF_VIOL,PCF_VIOL_CATEGORY,PCF_VIOLATION,PCF_VIOL_SUBSECTION,HIT_AND_RUN,TYPE_OF_COLLISION,MVIW,PED_ACTION,ROAD_SURFACE,ROAD_COND_1,ROAD_COND_2,LIGHTING,CONTROL_DEVICE,CHP_ROAD_TYPE,PEDESTRIAN_ACCIDENT,BICYCLE_ACCIDENT,MOTORCYCLE_ACCIDENT,TRUCK_ACCIDENT,NOT_PRIVATE_PROPERTY,ALCOHOL_INVOLVED,STWD_VEHTYPE_AT_FAULT,CHP_VEHTYPE_AT_FAULT,COUNT_SEVERE_INJ,COUNT_VISIBLE_INJ,COUNT_COMPLAINT_PAIN,COUNT_PED_KILLED,COUNT_PED_INJURED,COUNT_BICYCLIST_KILLED,COUNT_BICYCLIST_INJURED,COUNT_MC_KILLED,COUNT_MC_INJURED,PRIMARY_RAMP,SECONDARY_RAMP,LATITUDE,LONGITUDE,COUNTY,CITY,POINT_X,POINT_Y
90981338,2019,2019-05-23,9165,2019-03-30,0650,018243,,6,1,9,1800,0,1,3,,2,063,US-395,"RED ROCK ROAD",780.00,S,N,A,-,Y,,,395,,,,,,,Y,1,1,1,2,A,-,05,21460,A,N,A,C,A,A,H,-,B,D,0,,,,,Y,,D,22,1,0,0,0,0,0,0,0,0,"- ","- ",39.907371520996094,-120.01283264160156,LASSEN,UNINCORPORATED,-120.01268005371094,39.907367706298828
92139015,2022,2023-08-08,9140,2022-09-09,2104,016169,,5,2,9,1800,0,1,2,,2,014,US-395,"MILFORD OLD HIGHWAY ROAD",792.00,S,N,A,-,Y,LAS,,395,,,39.206,H,,R,Y,1,1,2,2,A,-,01,23152,,N,A,C,A,A,H,-,D,D,0,,,,,Y,Y,A,01,2,0,0,0,0,0,0,0,0,"- ","- ",40.158191680908203,-120.32450866699219,LASSEN,UNINCORPORATED,-120.32450866699219,40.158199310302734
92023309,2023,2023-03-21,9140,2023-03-13,"538 ",017925,,1,3,9,1800,0,1,3,,2,034,SR-44,"FOREST ROUTE 33N09",2640.00,W,N,B,-,Y,LAS,,44," "," ",6.681,H,,R,Y,2,0,2,1,A,-,03,22350,,N,F,A,A,C,H,-,D,A,0,,,,Y,Y,,G,25,1,1,0,0,0,0,0,0,0,"- ","- ",40.654361724853516,-121.20487213134766,LASSEN,UNINCORPORATED,-121.20487213134766,40.654361724853516
6895726,2015,2016-11-02,9135,2015-04-08,1500,018026,,3,2,9,1800,0,1,3,,2,651,"RT 299","CENTER SCHOOL HOUSE RD",0.00,,Y,A,-,Y,LAS,2,299,-,-,21.810,H,-,E,Y,2,0,1,1,A,-,08,22107,,N,F,A,A,A,H,-,A,D,0,,,,,Y,,A,01,1,0,0,0,0,0,0,0,0,"- ","- ",,,LASSEN,UNINCORPORATED,-121.0140428,41.15791763
90304492,2016,2016-10-28,9140,2016-10-13,0420,016279,,4,3,9,1800,0,1,2,,2,021,"US 395","BYERS PASS RD",1584.00,S,N,B,-,Y,,,,,,,,,,Y,2,0,1,1,A,-,08,22107,,N,E,I,A,A,H,-,D,D,0,,,,,Y,,D,22,1,0,0,0,0,0,0,0,0,"- ","- ",,,LASSEN,UNINCORPORATED,-120.48820000000001,40.37556
91425315,2021,2021-03-11,9140,2021-03-06,0720,020458,,6,1,9,1800,0,1,3,,2,032,SR-44,SR-36,17952.00,W,N,B,D,Y,,,44,,,,,,,Y,2,0,4,1,A,-,03,22350,,N,E,I,A,C,H,-,A,D,0,,,,,Y,,A,07,4,0,0,0,0,0,0,0,0,"- ","- ",40.425788879394531,-120.80767822265625,LASSEN,UNINCORPORATED,-120.80776214599609,40.426219940185547
91566742,2021,2021-09-09,9140,2021-08-22,1526,020458,,7,2,9,1800,0,1,3,,2,034,"STATE ROUTE 44","FOREST ROAD 33N02",528.00,W,N,A,-,Y,,,,,,,,,,Y,1,1,0,1,A,-,08,22107,,N,F,A,A,A,H,-,A,D,0,,,,,Y,,A,07,0,0,0,0,0,0,0,0,0,"- ","- ",,,LASSEN,UNINCORPORATED,-121.11410522460938,40.612899780273438
92007219,2023,2023-03-01,9165,2023-02-26,1445,018243,,7,2,9,1800,0,1,3,,2,062,"US-395 S/B",SR-70,3168.00,S,N,B,-,Y,LAS,,395," ",R,3.998,H,,L,N,2,0,1,1,C,-,18,,,N,E,8,A,A,H,-,A,D,0,,,,,Y,,-,"- ",1,0,0,0,0,0,0,0,0,"- ","- ",39.766189575195312,-120.03914642333984,LASSEN,UNINCORPORATED,-120.03920745849609,39.766189575195312
6459145,2014,2015-11-20,9140,2014-04-29,2328,018094,,2,3,9,1800,0,1,2,,2,014,"RT 395","MILFORD GRD",10190.00,S,N,A,-,Y,LAS,2,395,-,-,40.820,H,-,S,Y,2,0,1,1,A,-,03,22350,,N,H,A,A,A,H,-,D,D,0,,,Y,,Y,,C,02,1,0,0,0,0,0,0,0,1,"- ","- ",,,LASSEN,UNINCORPORATED,-120.34778881,40.164759940000003
92173381,2023,2024-02-01,9140,2023-09-09,1530,022170,,6,2,9,1800,0,1,3,,2,041,SR-36,SR-147,1320.00,W,N,A,-,Y,LAS,,36," "," ",0.689,H,,R,Y,2,0,1,1,D,-,00,,,N,F,A,A,A,H,-,A,D,0,,,Y,,Y,,-,"- ",1,0,0,0,0,0,0,0,1,"- ","- ",40.310901641845703,-121.04991149902344,LASSEN,UNINCORPORATED,-121.0499267578125,40.310813903808594
92381377,2024,2024-05-03,9140,2024-04-24,1953,021043,,3,2,9,1800,0,1,3,,2,041,"STATE ROUTE 36","STATE ROUTE 147",1584.00,W,N,A,-,Y,LAS,,36," "," ",0.355,H,,R,Y,2,0,1,1,A,-,08,22107,,N,E,8,A,A,H,-,A,D,0,,,,,Y,,D,22,1,0,0,0,0,0,0,0,0,"- ","- ",40.313819885253906,-121.05452728271484,LASSEN,UNINCORPORATED,-121.05448913574219,40.313861846923828
90591849,2017,2017-11-09,9140,2017-10-31,0254,018094,,2,3,9,1800,0,1,3,,2,032,SR-44,"MCOY ROAD",5491.00,E,N,A,-,Y,,,44,,,,,,,Y,2,0,1,1,A,-,08,22107,,N,F,A,A,A,H,-,D,D,0,,,,,Y,,A,07,1,0,0,0,0,0,0,0,0,"- ","- ",40.449820000000003,-120.90907,LASSEN,UNINCORPORATED,-120.90906649999999,40.449832669999999
91512756,2021,2021-07-05,9140,2021-06-21,1849,016169,,1,2,3,1801,0,3,5,,2,020,"CENTER ROAD (LASSEN COUNTY ROAD A-27)","CUTTOFF ROAD (LASSEN COUNTY ROAD 315)",287.00,E,N,A,-,N,,,,,,,,,,Y,2,0,3,1,A,-,03,22350,,N,F,A,A,A,H,-,A,D,0,,,,,Y,,A,07,2,1,0,0,0,0,0,0,0,"- ","- ",40.231410980224609,-120.23545074462891,LASSEN,SUSANVILLE,-120.398448,40.387230000000002
90290622,2016,2016-10-12,9140,2016-08-13,2110,020569,,6,2,9,1800,0,1,2,,2,014,US-395,"MILFORD GRADE ROAD",12144.00,N,N,A,-,Y,,,395,,,,,,,Y,1,1,0,1,C,-,18,,,N,H,H,A,A,H,-,D,D,0,,,,,Y,,-,"- ",0,0,0,0,0,0,0,0,0,"- ","- ",40.185130000000001,-120.39255,LASSEN,UNINCORPORATED,-120.39257834999999,40.185097399999997
91116661,2019,2019-11-08,9140,2019-08-24,1454,016169,,6,2,9,1800,0,3,5,,2,020,"CENTER ROAD","RICE CANYON ROAD",0.00,,Y,A,-,N,,,,,,,,,,Y,1,1,3,2,A,-,09,21802,A,N,D,C,A,A,H,-,A,A,0,,,,,Y,,A,01,2,0,1,0,0,0,0,0,0,"- ","- ",40.234500885009766,-120.31340026855469,LASSEN,UNINCORPORATED,-120.52610778808594,40.396018981933594
91791761,2022,2022-06-09,9140,2022-06-04,1356,020259,,6,1,9,1800,0,1,2,,2,015,US-395,"CAROL DR",27.00,S,N,A,-,Y,LAS,,395,,,25.331,H,,R,Y,2,0,1,1,A,-,03,22350,,N,E,J,A,A,H,-,A,A,0,,,,,Y,,A,01,1,0,0,0,0,0,0,0,0,"- ","- ",40.041969299316406,-120.1173095703125,LASSEN,UNINCORPORATED,-120.1173095703125,40.041969299316406
6292188,2015,2017-04-25,9165,2015-03-15,0540,18506,,7,3,9,1800,0,1,3,,2,063,"RT 395","POZZOLAN RD",6336.00,N,N,A,-,Y,LAS,2,395,-,R,11.330,H,-,S,Y,1,1,1,2,A,-,01,23152,A,N,A,C,A,A,H,-,D,D,0,,,,Y,Y,Y,D,22,0,0,1,0,0,0,0,0,0,"- ","- ",39.870139999999999,-120.03532,LASSEN,UNINCORPORATED,-120.03400152,39.871742220000002
90100510,2016,2016-01-22,9140,2016-01-14,0735,014430,,4,1,9,1800,0,1,2,,2,015,"US 395","HALL RD.",2640.00,S,N,B,-,Y,,,,,,,,,,Y,2,0,1,1,A,-,08,22107,,N,F,A,A,C,H,-,B,D,0,,,,,Y,,A,07,1,0,0,0,0,0,0,0,0,"- ","- ",39.594279999999998,-120.42153999999999,LASSEN,UNINCORPORATED,-120.07997955,39.995898459999999
91379271,2020,2021-01-04,9140,2020-12-26,1235,020458,,6,1,9,1800,0,1,3,,2,031,SR-139,"RICE CANYON RD",1056.00,N,N,D,-,Y,,,,,,,,,,Y,2,0,1,1,A,-,03,22350,,N,E,I,A,C,H,-,A,A,0,,,,,Y,,A,01,1,0,0,0,0,0,0,0,0,"- ","- ",,,LASSEN,UNINCORPORATED,-120.54460906982422,40.482852935791016
90271308,2016,2016-09-20,9140,2016-09-11,1558,018094,,7,2,9,1800,0,1,3,,2,011,SR-36,SR-44,0.00,,Y,A,G,Y,,,,,,,,,,Y,2,0,2,2,A,-,09,21802,A,N,D,C,A,A,H,-,A,A,0,,,,,Y,,A,01,1,1,0,0,0,0,0,0,0,"- ","- ",,,LASSEN,UNINCORPORATED,-120.75538994999999,40.411189899999997
92011449,2023,2023-03-07,9140,2023-03-01,1415,016322,,3,2,9,1800,0,3,5,,2,010,"WENDEL ROAD","FISH & GAME ROAD",15840.00,E,N,A,-,N,,,,,,,,,,Y,2,0,1,1,A,-,08,22107,,N,F,A,A,A,B,-,A,D,0,,,,,Y,,D,22,1,0,0,0,0,0,0,0,0,"- ","- ",40.357070922851562,-120.23853302001953,LASSEN,UNINCORPORATED,-120.23845672607422,40.359066009521484
91182425,2019,2020-02-07,9140,2019-12-23,1850,016169,,1,2,9,1800,0,1,3,,2,034,"STATE ROUTE 44","SHASTA COUNTY LINE",3168.00,E,N,B,-,Y,,,,,,,,,,Y,1,1,0,1,A,-,03,22350,,N,E,I,A,C,H,-,D,D,0,,,,,Y,,A,07,0,0,0,0,0,0,0,0,0,"- ","- ",40.390701293945312,-121.18409729003906,LASSEN,UNINCORPORATED,,
9566547,2021,2023-05-08,1801,2021-06-18,0000,2036,,5,5,3,1801,0,0,0,,0,,"RIVERSIDE DR","ROBS WY",0.00,,Y,A,-,N,,,,,,,,,,Y,2,0,1,3,A,-,05,21650,,N,A,C,A,A,H,-,A,D,0,,,,,Y,Y,A,01,1,0,0,0,0,0,0,0,0,"- ","- ",40.410530090332031,-120.63912200927734,LASSEN,SUSANVILLE,-120.6392822265625,40.410720825195312
90358541,2016,2016-12-30,9140,2016-12-10,1410,016732,,6,2,9,1800,0,1,3,,2,041,SR-36,"WESTWOOD CEMETERY",264.00,W,N,B,C,Y,,,,,,,,,,Y,1,1,1,1,A,-,08,22107,,N,E,I,A,B,H,-,A,D,0,,,,,Y,,D,22,0,1,0,0,0,0,0,0,0,"- ","- ",,,LASSEN,UNINCORPORATED,,
92104434,2023,2023-06-28,9135,2023-06-17,1945,021104,,6,2,9,1800,0,2,S,,2,904,"COUNTY ROAD 527","STATE ROUTE 299",32736.00,S,N,B,-,N,,,,,,,,,,Y,2,0,1,1,A,-,01,23152,A,N,E,9,A,A,H,-,A,D,0,,,Y,,Y,Y,C,06,1,0,0,0,0,0,0,0,1,"- ","- ",41.167850494384766,-120.84848785400391,LASSEN,UNINCORPORATED,-120.47632598876953,41.052894592285156
6718194,2014,2015-03-17,9135,2014-12-04,0806,12142,,4,1,9,1800,0,1,3,,2,651,"RT 299","BIEBER LOOKOUT RD",33950.00,E,N,B,-,Y,LAS,2,299,-,-,21.360,H,-,W,Y,1,1,0,1,A,-,08,22107,,N,F,A,A,C,H,-,B,D,0,,,,,Y,,D,22,0,0,0,0,0,0,0,0,0,"- ","- ",,,LASSEN,UNINCORPORATED,-121.02161753,41.154781489999998
90924031,2018,2019-02-14,9140,2018-11-16,1044,019275,,5,1,9,1800,0,1,2,,2,015,US-395,"DOYLE LOOP (SOUTH)",1584.00,S,N,A,-,Y,,,395,,,,,,,Y,1,1,0,2,A,-,08,22107,,N,A,C,A,A,H,-,A,D,0,,,,,Y,,E,22,0,0,0,0,0,0,0,0,0,"- ","- ",40.012081146240234,-120.09557342529297,LASSEN,UNINCORPORATED,-120.0955810546875,40.012058258056641
91791069,2021,2022-06-08,9140,2021-06-22,1207,018094,,2,1,9,1800,0,1,2,,2,015,US-395,"FLUX RD",1056.00,N,N,A,-,Y,,,,,,,,,,Y,1,2,2,3,A,-,03,22350,,F,C,C,A,A,H,-,A,D,0,,,,Y,Y,,G,27,1,0,1,0,0,0,0,0,0,"- ","- ",40.092041015625,-120.19007873535156,LASSEN,UNINCORPORATED,-120.31596374511719,40.155784606933594
6606084,2014,2014-09-22,9135,2014-05-23,1055,18026,,5,1,9,1800,0,1,3,,2,652,"RT 139","RT 299",19.00,S,N,A,-,Y,LAS,2,139,-,-,47.010,H,-,N,Y,1,1,3,2,A,-,03,22350,,N,C,C,A,A,H,-,A,D,0,,,Y,,Y,,C,02,2,0,1,0,0,0,0,1,3,"- ","- ",,,LASSEN,UNINCORPORATED,-120.7756255,40.954562840000001
6718394,2015,2016-01-12,9170,2015-01-27,1150,16057,,2,1,9,1800,0,1,2,,1,001,"RT 395","COUNTRY ROAD 513",19008.00,S,N,B,-,Y,LAS,2,395,-,R,111.610,H,-,S,Y,1,1,2,1,A,-,05,21650,,N,F,A,A,A,H,-,A,D,0,,,,,Y,,A,01,1,1,0,0,0,0,0,0,0,"- ","- ",,,LASSEN,UNINCORPORATED,-120.40857975999999,40.828145139999997
91057822,2019,2019-08-22,9140,2019-08-19,0840,019275,,1,1,9,1800,0,3,5,,2,030,"COUNTY ROAD A21","SILVER LAKE ROAD",422.00,N,N,A,-,N,,,,,,,,,,Y,2,0,1,1,A,-,08,22107,,N,F,A,A,A,H,-,A,D,0,,,,,Y,,A,07,1,0,0,0,0,0,0,0,0,"- ","- ",40.502361297607422,-121.07807159423828,LASSEN,UNINCORPORATED,-121.07525634765625,40.4913330078125
91435005,2021,2021-03-25,9140,2021-02-06,1257,021043,,6,1,9,1800,0,3,5,,2,040,"USFS ROAD 32N10","USFS ROAD 30N21",100.00,W,N,B,-,N,,,,,,,,,,N,1,1,0,1,A,-,08,38314,,N,E,I,A,C,H,-,A,D,0,,,,,Y,,M,96,0,0,0,0,0,0,0,0,0,"- ","- ",40.480888366699219,-121.12336730957031,LASSEN,UNINCORPORATED,,
90098112,2016,2016-01-19,9140,2016-01-10,1610,016169,,7,2,9,1800,0,1,2,,2,021,"US 395","LAKE LEAVITT ROAD",308.00,S,N,B,-,Y,,,,,,,,,,Y,2,0,3,2,A,-,01,23152,A,N,D,C,A,A,H,-,A,D,0,,,,,Y,Y,D,22,1,1,1,0,0,0,0,0,0,"- ","- ",,,LASSEN,UNINCORPORATED,-120.44262000000001,40.36495
9566602,2022,2023-05-10,1801,2022-01-27,0815,2447,,4,5,3,1801,0,0,0,,0,,"PAUL BUNYAN ST","SKYLINE RD",628.00,S,N,A,-,N,,,,,,,,,,Y,2,0,2,2,A,-,07,21658,A,N,A,D,A,A,H,-,A,D,0,,,,,Y,Y,A,07,1,0,1,0,0,0,0,0,0,"- ","- ",40.428558349609375,-120.65467834472656,LASSEN,SUSANVILLE,-120.65565490722656,40.429641723632812
92189360,2023,2023-10-03,9170,2023-09-23,1545,021104,,6,2,9,1800,0,3,5,,1,022,"COUNTY ROAD 526","BUCKHORN RESERVOIR ROAD",2640.00,W,N,A,-,N,,,,,,,,,,N,2,0,1,1,A,-,08,22107,,N,E,9,A,A,H,-,A,D,0,,,Y,,Y,,C,06,1,0,0,0,0,0,0,0,1,"- ","- ",40.865100860595703,-120.09211730957031,LASSEN,UNINCORPORATED,,
94480868,2024,2024-11-22,9140,2024-11-13,1558,023790,,3,2,9,1800,0,1,3,,2,032,"STATE ROUTE 44","MPM 44 LAS 24",121.00,E,N,B,D,Y,LAS,,44," "," ",24.028,H,,R,Y,2,0,2,1,A,-,03,22350,,N,E,I,A,C,E,-,A,D,0,,,,,Y,,A,07,1,1,0,0,0,0,0,0,0,"- ","- ",40.491279602050781,-120.96723175048828,LASSEN,UNINCORPORATED,-120.96732330322266,40.491214752197266
90903736,2018,2019-01-17,9140,2018-12-26,1750,016322,,3,2,9,1800,0,1,2,,2,013,US-395,"MILFORD GRADE",6864.00,N,N,A,-,Y,,,395,,,,,,,Y,2,0,1,2,A,-,08,22107,,F,D,C,A,A,H,-,D,D,0,,,,,Y,,D,22,1,0,0,0,0,0,0,0,0,"- ","- ",40.182998657226562,-120.39003753662109,LASSEN,UNINCORPORATED,-120.39002227783203,40.183029174804688
91312642,2020,2020-10-12,9165,2020-07-25,2101,018600,,6,2,9,1800,0,1,3,,2,063,US-395,SR-70,20064.00,N,N,A,-,Y,,,395,,,,,,,Y,1,2,0,3,A,-,01,23152,A,N,B,C,A,A,H,-,D,D,0,,,,,Y,Y,D,22,0,0,0,0,0,0,0,0,0,"- ","- ",39.829578399658203,-120.03752899169922,LASSEN,UNINCORPORATED,-120.03750610351562,39.829586029052734
90618632,2017,2017-12-15,9140,2017-12-14,0200,020458,,4,3,9,1800,0,3,5,,2,010,"SIERRA VISTA RD","COUNTY ROAD A26",1056.00,N,N,A,-,N,,,,,,,,,,N,2,0,1,1,A,-,08,22107,,N,F,A,A,A,H,-,D,D,0,,,,,Y,,A,01,1,0,0,0,0,0,0,0,0,"- ","- ",,,LASSEN,UNINCORPORATED,-120.17411292,40.129460399999999
91852001,2022,2022-08-29,9140,2022-08-11,1320,016169,,4,1,3,1801,0,1,2,,2,013,US-395,"SEARS ROAD",950.00,S,N,A,-,Y,,,,,,,,,,Y,2,0,2,1,A,-,05,21650,,N,F,A,A,A,H,-,A,D,0,,,,Y,Y,,-,"- ",1,0,1,0,0,0,0,0,0,"- ","- ",40.173450469970703,-120.30213165283203,LASSEN,SUSANVILLE,-120.50584411621094,40.292903900146484
91892814,2022,2022-10-18,9140,2022-10-06,2500,020519,,4,4,9,1800,0,1,2,,2,013,"JANESVILLE GRADE","JACKPOT LANE",54.00,E,N,A,-,N,,,,,,,,,,Y,2,0,1,1,A,-,08,22107,,N,E,I,A,A,H,-,D,B,0,,,Y,,Y,Y,C,06,1,0,0,0,0,0,0,0,1,"- ","- ",40.278141021728516,-120.51210021972656,LASSEN,UNINCORPORATED,-120.51200866699219,40.278129577636719
90705120,2018,2018-04-13,9140,2018-04-05,1709,020806,,4,2,9,1800,0,1,3,,2,011,"STATE ROUTE 36","KORVER ROAD",528.00,W,N,B,-,Y,,,,,,,,,,Y,2,0,1,1,A,-,01,23152,A,N,E,I,A,A,H,-,A,D,0,,,,,Y,Y,D,22,1,0,0,0,0,0,0,0,0,"- ","- ",,,LASSEN,UNINCORPORATED,,
91045575,2019,2019-08-05,9135,2019-07-28,1748,018777,,7,2,9,1800,0,1,3,,2,651,SR-299,"OLD HIGHWAY ROAD",4225.00,E,N,A,-,Y,,,299,,,,,,,Y,2,0,1,1,A,-,08,22107,,F,F,C,A,A,H,-,A,D,0,,,,,Y,,A,01,1,0,0,0,0,0,0,0,0,"- ","- ",41.084560394287109,-121.26609802246094,LASSEN,UNINCORPORATED,-121.26608276367188,41.084575653076172
92196636,2023,2023-10-11,9140,2023-10-07,1815,016322,,6,2,9,1800,0,3,5,,2,010,"WINGFIELD ROAD","OLD ARCHERY ROAD",6864.00,E,N,A,-,N,,,,,,,,,,Y,2,0,4,1,A,-,08,22107,,N,E,8,A,A,H,-,A,D,0,,,Y,,Y,,C,06,1,3,0,0,0,0,0,0,4,"- ","- ",40.349559783935547,-120.628662109375,LASSEN,UNINCORPORATED,-120.64273071289062,40.357540130615234
6510175,2014,2015-11-20,9170,2014-05-31,1420,019520,,6,2,9,1800,0,1,2,,1,001,"RT 395","ANTELOPE DR",600.00,S,N,A,-,Y,LAS,2,395,-,-,126.540,H,-,N,Y,2,0,1,1,A,-,08,22107,,N,F,A,A,-,H,-,A,D,0,,,,,Y,,D,22,1,0,0,0,0,0,0,0,0,"- ","- ",41.018799999999999,-120.4888,LASSEN,UNINCORPORATED,-120.48926763,41.015085710000001
91640065,2021,2021-12-01,9140,2021-11-25,1555,020806,,4,2,9,1800,0,1,3,,2,034,"STATE ROUTE 44","PITTVILLE ROAD",3168.00,W,N,A,-,Y,,,,,,,,,,Y,2,0,2,1,A,-,08,22107,,N,F,A,A,A,H,-,A,D,0,,,,,Y,,D,23,2,0,0,0,0,0,0,0,0,"- ","- ",,,LASSEN,UNINCORPORATED,-121.17710876464844,40.650211334228516
91840324,2022,2022-08-15,9140,2022-08-09,0035,021034,,2,3,9,1800,0,3,5,,2,030,SR-44,"GOUMAZ ROAD",294.00,W,N,B,-,Y,LAS,,44,,,30.321,H,,R,N,2,0,2,1,C,-,18,,,N,H,H,A,A,H,-,D,D,0,,,Y,,Y,,-,"- ",1,1,0,0,0,0,0,0,2,"- ","- ",40.443401336669922,-120.87155914306641,LASSEN,UNINCORPORATED,-120.87155151367188,40.443428039550781
91899245,2022,2022-10-25,9140,2022-10-21,1410,016322,,5,2,9,1800,0,1,2,,2,013,US-395,"MAIN STREET",0.00,,Y,A,-,Y,LAS,,395,,,55.179,H,,R,Y,2,0,4,2,A,-,09,21802,A,N,D,C,A,A,H,-,A,A,0,,,,,Y,,A,07,1,1,2,0,0,0,0,0,0,"- ","- ",40.313869476318359,-120.53820037841797,LASSEN,UNINCORPORATED,-120.53813934326172,40.313911437988281
94755448,2025,2025-07-09,9140,2025-01-30,"540 ",021888,,4,3,9,1800,0,1,2,,2,013,"UNITED STATES ROUTE 395 (US-395)","DIANE DRIVE",5808.00,S,N,A,-,Y,LAS,,395," "," ",59.224,H,,R,Y,1,2,0,2,A,-,06,21751,,N,A,C,A,A,H,-,D,D,0,,,,,Y,,A,07,0,0,0,0,0,0,0,0,0,"- ","- ",40.362510681152344,-120.56716918945312,LASSEN,UNINCORPORATED,-120.56720733642578,40.362491607666016
91502046,2021,2021-06-21,9140,2021-06-14,1935,020259,,1,2,9,1800,0,1,2,,2,014,US-395,"OLD HIGHWAY 59",1700.00,S,N,A,-,Y,,,395,,,,,,,Y,2,0,1,1,A,-,08,22107,,N,F,A,A,A,H,-,A,A,0,,,,,Y,,D,22,1,0,0,0,0,0,0,0,0,"- ","- ",40.157310485839844,-120.32112884521484,LASSEN,UNINCORPORATED,-120.32115173339844,40.157245635986328
90158998,2016,2016-04-18,9140,2016-04-04,1845,017976,,1,2,9,1800,0,3,5,,2,010,"COUNTY ROAD A-25","COUNTY ROAD A-26",0.00,,Y,A,F,N,,,,,,,,,,Y,2,0,4,2,A,-,09,21801,A,N,A,C,A,A,H,-,A,D,0,,,,,Y,,A,07,1,1,2,0,0,0,0,0,0,"- ","- ",,,LASSEN,UNINCORPORATED,-120.163572,40.14405
8169133,2016,2016-11-16,1801,2016-11-03,1558,840,,4,5,3,1801,0,0,0,,0,047,"N FAIRFIELD AV","PAUL BUNYAN ST",100.00,,N,A,-,N,,,,,,,,,,N,2,0,1,2,A,-,03,22350,,N,G,A,E,A,H,-,A,D,0,Y,,,,Y,,-,,1,0,0,0,1,0,0,0,0,"- ","- ",,,LASSEN,SUSANVILLE,-120.63960987,40.419389969999997
90763546,2017,2018-10-19,9140,2017-07-08,2025,016322,,6,2,9,1800,0,1,3,,2,011,SR-36,"SR-36 FREDONYER SAND SHED",528.00,W,N,A,-,Y,,,36,,,,,,,Y,1,1,0,1,A,-,08,22107,,N,E,I,A,A,H,-,A,D,0,,,,,Y,Y,A,01,0,0,0,0,0,0,0,0,0,"- ","- ",40.356169999999999,-120.88873,LASSEN,UNINCORPORATED,-120.88852726,40.355774459999999