CASE_ID,ACCIDENT_YEAR,PROC_DATE,JURIS,COLLISION_DATE,COLLISION_TIME,OFFICER_ID,REPORTING_DISTRICT,DAY_OF_WEEK,CHP_SHIFT,POPULATION,CNTY_CITY_LOC,SPECIAL_COND,BEAT_TYPE,CHP_BEAT_TYPE,CITY_DIVISION_LAPD,CHP_BEAT_CLASS,BEAT_NUMBER,PRIMARY_RD,SECONDARY_RD,DISTANCE,DIRECTION,INTERSECTION,WEATHER_1,WEATHER_2,STATE_HWY_IND,CALTRANS_COUNTY,CALTRANS_DISTRICT,STATE_ROUTE,ROUTE_SUFFIX,POSTMILE_PREFIX,POSTMILE,LOCATION_TYPE,RAMP_INTERSECTION,SIDE_OF_HWY,TOW_AWAY,COLLISION_SEVERITY,NUMBER_KILLED,NUMBER_INJURED,PARTY_COUNT,PRIMARY_COLL_FACTOR,PCF_CODE_OF_VIOL,PCF_VIOL_CATEGORY,PCF_VIOLATION,PCF_VIOL_SUBSECTION,HIT_AND_RUN,TYPE_OF_COLLISION,MVIW,PED_ACTION,ROAD_SURFACE,ROAD_COND_1,ROAD_COND_2,LIGHTING,CONTROL_DEVICE,CHP_ROAD_TYPE,PEDESTRIAN_ACCIDENT,BICYCLE_ACCIDENT,MOTORCYCLE_ACCIDENT,TRUCK_ACCIDENT,NOT_PRIVATE_PROPERTY,ALCOHOL_INVOLVED,STWD_VEHTYPE_AT_FAULT,CHP_VEHTYPE_AT_FAULT,COUNT_SEVERE_INJ,COUNT_VISIBLE_INJ,COUNT_COMPLAINT_PAIN,COUNT_PED_KILLED,COUNT_PED_INJURED,COUNT_BICYCLIST_KILLED,COUNT_BICYCLIST_INJURED,COUNT_MC_KILLED,COUNT_MC_INJURED,PRIMARY_RAMP,SECONDARY_RAMP,LATITUDE,LONGITUDE,COUNTY,CITY,POINT_X,POINT_Y
91682155,2022,2022-01-20,9140,2022-01-04,1747,020696,,2,2,9,1800,0,1,2,,2,013,US-395,"MAIN ST. JANESVILLE",1584.00,N,N,A,-,Y,LAS,,395,,,55.228,H,,R,Y,2,0,2,3,A,-,01,23153,A,N,B,2,A,A,H,-,D,D,0,,,,,Y,Y,A,08,2,0,0,0,0,0,0,0,0,"- ","- ",40.314949035644531,-120.53955841064453,LASSEN,UNINCORPORATED,-120.53948974609375,40.31500244140625
90828701,2018,2018-10-04,9140,2018-09-03,1140,020047,,1,1,9,1800,0,1,2,,2,021,US-395,"LAMBERT LANE",2112.00,S,N,A,-,Y,,,395,,,,,,,Y,1,1,0,1,A,-,08,22107,,N,E,I,A,A,H,-,A,D,0,,,,,Y,Y,A,01,0,0,0,0,0,0,0,0,0,"- ","- ",40.366111755371094,-120.40345764160156,LASSEN,UNINCORPORATED,-120.40348052978516,40.366142272949219
92189256,2023,2023-10-03,9140,2023-09-24,"58  ",021888,,7,3,9,1800,0,3,5,,2,010,"ALEXANDER LANE","MCCLELLAND LANE",2300.00,W,N,A,-,N,,,,,,,,,,Y,2,0,1,1,A,-,01,23152,A,N,F,A,A,A,H,-,D,D,0,,,,,Y,Y,D,22,1,0,0,0,0,0,0,0,0,"- ","- ",40.351081848144531,-120.37893676757812,LASSEN,UNINCORPORATED,-120.37890625,40.351169586181641
90187674,2016,2016-05-26,9140,2016-05-20,1340,020047,,5,1,9,1800,0,1,3,,2,034,"STATE ROUTE 44","COUNTY ROAD A21",4752.00,W,N,B,F,Y,,,,,,,,,,Y,2,0,1,1,A,-,03,22350,,N,F,A,A,C,H,-,A,D,0,,,,,Y,,A,08,1,0,0,0,0,0,0,0,0,"- ","- ",,,LASSEN,UNINCORPORATED,,
90564300,2017,2017-10-05,9140,2017-06-21,0625,016169,,3,1,9,1800,0,3,5,,2,010,"BLICKENSTAFF ROAD","LAKECREST ROAD",3696.00,E,N,A,-,N,,,,,,,,,,Y,1,1,0,1,A,-,08,22107,,N,E,I,A,A,H,-,A,D,0,,,,,Y,,D,22,0,0,0,0,0,0,0,0,0,"- ","- ",40.276209999999999,-120.46465000000001,LASSEN,UNINCORPORATED,-120.46484024,40.276266280000002
8911630,2020,2022-06-11,1801,2020-01-17,2015,814,,5,5,3,1801,0,0,0,,0,,"RT 36","S MCDOW ST",30.00,W,N,A,-,Y,LAS,2,36,-,-,25.500,H,-,E,N,1,1,0,2,A,-,11,21954,A,F,G,B,E,C,H,-,C,D,0,Y,,,,Y,Y,-,,0,0,0,1,0,0,0,0,0,"- ","- ",,,LASSEN,SUSANVILLE,-120.64643859863281,40.414886474609375
91898763,2022,2022-10-25,9140,2022-05-27,2234,021034,,5,3,9,1800,0,1,3,,2,032,"US 395","KARLO ROAD",4224.00,N,N,A,-,Y,LAS,,395,,,93.117,H,,R,Y,1,1,1,2,A,-,08,22107,,N,A,D,A,A,H,-,D,D,0,,,,Y,Y,,A,07,0,1,0,0,0,0,0,0,0,"- ","- ",40.595211029052734,-120.24812316894531,LASSEN,UNINCORPORATED,-120.24801635742188,40.595195770263672
91051964,2019,2019-08-14,9140,2019-08-04,0030,020569,,7,3,9,1800,0,1,3,,2,034,"HWY 44","PITTVILLE RD",9504.00,E,N,A,-,N,,,,,,,,,,Y,2,0,3,1,A,-,08,22107,,N,E,I,A,A,H,-,D,D,0,,,,,Y,,A,07,2,1,0,0,0,0,0,0,0,"- ","- ",40.588260650634766,-121.09069061279297,LASSEN,UNINCORPORATED,-121.14124298095703,40.629287719726562
91751452,2022,2022-04-19,9140,2022-04-12,1645,015598,,2,2,9,1800,0,1,3,,2,041,"STATE ROUTE 36","WESTWOOD CEMETERY",3696.00,E,N,A,-,Y,LAS,,36,,,5.646,H,,R,Y,2,0,2,1,A,-,08,22107,,N,E,I,A,A,H,-,A,D,0,,,,,Y,,A,01,2,0,0,0,0,0,0,0,0,"- ","- ",40.317188262939453,-120.95597839355469,LASSEN,UNINCORPORATED,-120.95597839355469,40.317169189453125
9566636,2021,2023-05-17,1801,2021-12-05,2018,2312,,7,5,3,1801,0,0,0,,0,,"RT 36","RT 36 MILEPOST #1",822.00,S,N,A,-,Y,LAS,2,139,-,-,0.800,H,-,N,Y,2,0,1,2,A,-,11,21956,A,N,G,B,E,A,H,-,D,D,0,Y,,,,Y,Y,N,60,1,0,0,0,1,0,0,0,0,"- ","- ",40.426368713378906,-120.63983154296875,LASSEN,SUSANVILLE,-120.64239501953125,40.425445556640625
91526422,2021,2021-09-30,9140,2021-07-18,1645,021683,,7,2,9,1800,0,1,3,,2,031,"STATE ROUTE 139","TERMO GRASSHOPPER ROAD",24816.00,S,N,A,-,Y,,,139,,,,,,,Y,2,0,3,2,A,-,03,22350,,N,C,C,A,A,H,-,A,D,0,,,Y,,Y,,C,02,1,2,0,0,0,0,0,0,3,"- ","- ",40.843021392822266,-120.75132751464844,LASSEN,UNINCORPORATED,-120.75135803222656,40.843006134033203
90625784,2017,2017-12-25,9140,2017-12-17,1500,020696,,7,2,9,1800,0,3,5,,2,010,"SUNNYSIDE RD.","TEA CUP LANE",12.00,W,N,A,-,N,,,,,,,,,,N,2,0,1,1,A,-,08,22107,,N,E,I,A,A,H,-,A,D,0,,,,,Y,,A,07,1,0,0,0,0,0,0,0,0,"- ","- ",40.325299999999999,-120.52509000000001,LASSEN,UNINCORPORATED,-120.52509427,40.325218790000001
91605714,2021,2021-10-25,9140,2021-07-10,0942,021238,,6,1,9,1800,0,1,3,,2,041,"STATE ROUTE 36","LASSEN COUNTY ROAD A-21 (MOONEY RD)",9240.00,E,N,A,-,Y,,,,,,,,,,Y,2,0,1,1,A,-,08,22107,,N,E,8,A,A,H,-,A,D,0,,,,,Y,,A,07,1,0,0,0,0,0,0,0,0,"- ","- ",40.317180633544922,-121.95922088623047,LASSEN,UNINCORPORATED,-120.63362884521484,40.407367706298828
90393203,2016,2017-02-20,9165,2016-12-18,0218,019583,,7,3,9,1800,0,1,3,,2,063,US-395,"POZZOLAN ROAD",12672.00,S,N,A,-,Y,,,395,,,,,,,Y,1,4,1,2,A,-,01,23152,A,N,A,C,A,A,H,-,D,D,0,,,,,Y,Y,A,01,0,1,0,0,0,0,0,0,0,"- ","- ",39.818150000000003,-120.03492,LASSEN,UNINCORPORATED,-120.03491400999999,39.81815142
91330579,2020,2020-10-23,9140,2020-10-14,1625,014898,,3,2,9,1800,0,3,5,,2,030,"JOHNSTONVILLE RD.","TRAVIS LN.",0.00,,Y,A,-,N,,,,,,,,,,N,2,0,1,1,A,-,08,22107,,N,F,A,A,A,H,-,A,D,0,,,Y,,Y,,C,02,1,0,0,0,0,0,0,0,1,"- ","- ",40.389430999755859,-120.58799743652344,LASSEN,UNINCORPORATED,-120.58824157714844,40.389560699462891
91682120,2022,2022-01-20,9140,2022-01-05,0915,020458,,3,1,9,1800,0,1,3,,2,032,SR-44,"COUNTY ROAD A-21",257.00,E,N,A,-,Y,LAS,,44,,,19.323,H,,R,Y,2,0,1,2,A,-,03,22350,,N,B,C,A,C,H,-,A,D,0,,,,Y,Y,,G,27,1,0,0,0,0,0,0,0,0,"- ","- ",40.531230926513672,-121.03901672363281,LASSEN,UNINCORPORATED,-121.03904724121094,40.531219482421875
91745982,2022,2022-04-12,9140,2022-04-06,1515,016322,,3,2,9,1800,0,1,2,,2,013,US-395,"SEARS ROAD",0.00,,Y,A,-,Y,LAS,,395,,,53.104,H,,R,Y,2,0,3,2,A,-,09,21802,A,N,D,C,A,A,H,-,A,A,0,,,,,Y,,A,07,1,2,0,0,0,0,0,0,0,"- ","- ",40.294441223144531,-120.50868225097656,LASSEN,UNINCORPORATED,-120.50862884521484,40.294490814208984
94378753,2024,2024-09-03,9140,2024-08-25,2025,020806,,7,2,9,1800,0,1,3,,2,011,"STATE ROUTE 36","WILLARD CREEK ROAD",5280.00,W,N,A,-,Y,LAS,,36," "," ",15.583,H,,R,Y,2,0,2,1,A,-,08,22107,,N,F,0,A,A,H,-,C,D,0,,,,,Y,,A,01,1,1,0,0,0,0,0,0,0,"- ","- ",40.380790710449219,-120.80309295654297,LASSEN,UNINCORPORATED,-120.80312347412109,40.380832672119141
90722321,2018,2018-05-08,9170,2018-04-24,1010,016057,,2,1,9,1800,0,1,2,,1,001,"US 395","ANTELOPE ROAD",13728.00,S,N,A,G,Y,,,,,,,,,,N,2,0,1,2,A,-,08,22107,,N,H,G,A,A,H,-,A,D,0,,Y,,Y,Y,,L,04,1,0,0,0,0,0,1,0,0,"- ","- ",40.983081817626953,-120.49690246582031,LASSEN,UNINCORPORATED,-120.49687194824219,40.983409881591797
92173396,2023,2023-09-19,9140,2023-09-04,1820,021345,,1,2,9,1800,0,1,2,,2,015,US-395,"RIVERVIEW RD",1.00,N,N,A,-,Y,,,,,,,,,,N,2,0,1,2,C,-,18,,,N,H,G,A,A,H,-,A,D,0,,Y,,,Y,,-,"- ",1,0,0,0,0,0,1,0,0,"- ","- ",40.040660858154297,-120.1156005859375,LASSEN,UNINCORPORATED,-120.11585998535156,40.040409088134766
91188186,2020,2020-02-18,9140,2020-02-09,1135,020458,,7,1,9,1800,0,3,5,,2,020,"WENDEL RD.","US 395",52800.00,E,N,A,-,N,,,,,,,,,,Y,2,0,1,1,A,-,05,21650,,N,F,A,A,A,H,-,A,D,0,,,,,Y,,D,22,1,0,0,0,0,0,0,0,0,"- ","- ",40.317699432373047,-120.19052124023438,LASSEN,UNINCORPORATED,-120.18952941894531,40.316390991210938
92091487,2023,2023-06-12,9170,2023-06-11,1030,017913,,7,1,9,1800,0,3,5,,1,022,"OPEN AREA","BUCKHORN ROAD",300.00,S,N,A,-,N,,,,,,,,,,N,2,0,1,1,B,-,22,,,N,E,I,A,A,H,-,A,D,0,,,Y,,Y,,C,06,1,0,0,0,0,0,0,0,1,"- ","- ",40.868358612060547,-120.12117767333984,LASSEN,UNINCORPORATED,,
9576449,2022,2023-05-18,1801,2022-05-21,0236,2438,,6,5,3,1801,0,0,0,,0,,"PAUL BUNYAN RD","PAUL BUNYON RD A",38.00,W,N,A,-,N,,,,,,,,,,N,2,0,2,1,A,-,01,23153,A,N,C,E,A,A,H,-,D,D,0,,,,,Y,Y,D,22,1,1,0,0,0,0,0,0,0,"- ","- ",40.419658660888672,-120.64076995849609,LASSEN,SUSANVILLE,-120.65579223632812,40.435131072998047
90902934,2018,2019-01-25,9140,2018-12-20,0909,016169,,4,1,9,1800,0,1,2,,2,013,US-395,"JANESVILLE GRADE",0.00,,Y,B,-,Y,,,,,,,,,,Y,2,0,4,3,A,-,09,21801,A,N,D,C,A,A,H,-,A,D,0,,,,,Y,,A,07,2,1,1,0,0,0,0,0,0,"- ","- ",40.172599792480469,-120.30049896240234,LASSEN,UNINCORPORATED,,
92070988,2023,2023-05-17,9140,2023-04-22,1800,021683,,6,2,9,1800,0,3,5,,2,010,"JANESVILLE GRADE","PINE NEEDLE DRIVE",60.00,S,N,A,-,N,,,,,,,,,,N,2,0,1,1,A,-,01,23152,A,N,H,A,A,A,H,-,A,D,0,,,Y,,Y,Y,C,06,1,0,0,0,0,0,0,0,1,"- ","- ",40.282230377197266,-120.50502777099609,LASSEN,UNINCORPORATED,-120.50491333007812,40.282299041748047
90575498,2017,2017-10-23,9140,2017-10-20,0755,019275,,5,1,9,1800,0,1,3,,2,034,SR-44,"GOUMAZ ROAD",2112.00,W,N,B,-,Y,,,,,,,,,,Y,2,0,2,1,A,-,03,22350,,N,E,I,A,C,H,-,A,D,0,,,,,Y,,A,01,1,0,1,0,0,0,0,0,0,"- ","- ",,,LASSEN,UNINCORPORATED,,
90670517,2018,2018-03-01,9140,2018-01-02,1505,020696,,2,2,9,1800,0,1,2,,2,013,US-395,"SEARS ROAD",0.00,,Y,A,-,Y,,,395,,,,,,,Y,1,1,2,2,A,-,09,21802,A,N,D,C,A,A,H,-,A,D,0,,,,,Y,,D,22,0,0,2,0,0,0,0,0,0,"- ","- ",40.294578552246094,-120.50852966308594,LASSEN,UNINCORPORATED,-120.50859069824219,40.294464111328125
90255100,2016,2016-08-29,9140,2016-07-30,1545,013571,,6,2,9,1800,0,1,3,,2,031,"STATE ROUTE 139 (SR-139)","CO. RD. A-1",23760.00,S,N,A,-,Y,,,,,,,,,,Y,2,0,3,1,A,-,08,22107,,N,F,A,A,A,D,H,A,D,0,,,,,Y,,A,07,1,2,0,0,0,0,0,0,0,"- ","- ",,,LASSEN,UNINCORPORATED,,
91330684,2020,2020-10-26,9140,2020-10-14,2004,020806,,3,2,9,1800,0,3,5,,2,020,"COUNTY ROAD A3","SUNNYSIDE ROAD",2640.00,N,N,A,-,N,,,,,,,,,,Y,2,0,2,1,A,-,03,22350,,N,E,I,A,A,H,-,D,D,0,,,,,Y,,A,07,1,1,0,0,0,0,0,0,0,"- ","- ",40.283611297607422,-120.49008941650391,LASSEN,UNINCORPORATED,,
8911629,2020,2022-06-11,1801,2020-01-06,0626,816,,1,5,3,1801,0,0,0,,0,,"RT 36","N MESA ST",0.00,,Y,A,-,Y,LAS,2,36,-,R,25.840,H,-,W,Y,1,1,0,2,A,-,11,21954,A,N,G,B,D,A,H,-,C,D,0,Y,,,,Y,Y,N,60,0,0,0,1,0,0,0,0,0,"- ","- ",,,LASSEN,SUSANVILLE,-120.64019012451172,40.413383483886719
90500916,2017,2017-07-14,9140,2017-07-04,2125,019471,,2,2,9,1800,0,1,2,,2,013,"US-395 S/B","RAKER PL",783.00,S,N,A,-,Y,,,395,,,,,,S,Y,2,0,4,1,A,-,03,22350,,N,F,A,A,A,H,-,D,D,0,,,,,Y,,A,01,1,1,2,0,0,0,0,0,0,"- ","- ",40.20393,-120.41346,LASSEN,UNINCORPORATED,-120.41344529,40.203946289999998
90516719,2017,2017-08-04,9140,2017-07-13,0625,014568,,4,1,9,1800,0,1,3,,2,011,SR-36,"ROXY PECONUM CAMPGROUND RD.",2640.00,E,N,A,-,Y,,,,,,,,,,Y,1,1,0,1,A,-,08,22107,,N,F,A,A,A,H,-,A,D,0,,,,,Y,,A,01,0,0,0,0,0,0,0,0,0,"- ","- ",40.383240000000001,-120.79656,LASSEN,UNINCORPORATED,,
91827260,2022,2022-07-28,9140,2022-07-16,0920,020502,,6,1,9,1800,0,1,3,,2,031,"STATE ROUTE 139","RICE CANYON ROAD",2112.00,N,N,A,-,Y,LAS,,139,,,9.595,H,,R,Y,2,0,2,2,A,-,08,22107,,N,A,C,A,A,H,-,A,D,0,,,,,Y,,A,01,2,0,0,0,0,0,0,0,0,"- ","- ",40.484729766845703,-120.54762268066406,LASSEN,UNINCORPORATED,-120.54761505126953,40.484737396240234
92310259,2023,2024-02-09,9140,2023-09-15,2152,021345,,5,2,9,1800,0,3,5,,2,010,"COUNTY ROAD A3","LAKE CREST RD",0.00,,Y,A,-,N,,,,,,,,,,Y,1,1,1,2,A,-,01,23152,A,N,D,2,A,A,H,-,D,D,0,,,Y,,Y,Y,C,06,1,0,0,0,0,0,0,1,1,"- ","- ",40.285148620605469,-120.48655700683594,LASSEN,UNINCORPORATED,-120.48642730712891,40.285179138183594
91822376,2022,2022-07-21,9170,2022-07-15,0830,016673,,5,1,9,1800,0,3,5,,1,022,"LASSEN COUNTY ROAD 523 (WEST SIDE ROAD)","NIGHT OWL ROAD",1450.00,N,N,A,-,N,,,,,,,,,,Y,2,0,2,1,A,-,03,22350,,N,F,I,A,A,H,-,A,D,0,,,,,Y,,A,07,1,1,0,0,0,0,0,0,0,"- ","- ",40.893241882324219,-120.64206695556641,LASSEN,UNINCORPORATED,-120.64211273193359,40.892936706542969
91823433,2022,2022-07-25,9140,2022-07-15,0230,020806,,5,3,9,1800,0,1,3,,2,032,"STATE ROUTE 44","GOUMAZ ROAD",2112.00,W,N,A,-,Y,,,,,,,,,,Y,2,0,4,1,A,-,08,22107,,N,E,I,A,A,H,-,D,D,0,,,,,Y,,A,01,3,1,0,0,0,0,0,0,0,"- ","- ",,,LASSEN,UNINCORPORATED,,
92090724,2023,2023-06-12,9140,2023-06-01,1110,019275,,4,1,9,1800,0,1,3,,2,031,SR-139,"TERMO GRASSHOPPER ROAD",19536.00,S,N,A,-,Y,LAS,,139," "," ",39.582,H,,R,Y,2,0,1,1,A,-,08,22107,,N,E,I,A,A,H,-,A,D,0,,,,,Y,,A,07,1,0,0,0,0,0,0,0,0,"- ","- ",40.855949401855469,-120.75982666015625,LASSEN,UNINCORPORATED,-120.75968933105469,40.855964660644531
91053256,2019,2019-08-16,9165,2019-08-08,1845,018600,,4,2,9,1800,0,1,3,,2,063,US-395,"RED ROCK RD",12144.00,S,N,A,-,Y,,,395,,,,,,,Y,2,0,1,1,A,-,01,23152,A,N,E,I,A,A,H,-,A,D,0,,,,,Y,Y,D,22,1,0,0,0,0,0,0,0,0,"- ","- ",39.877979278564453,-120.02880096435547,LASSEN,UNINCORPORATED,-120.02873229980469,39.877922058105469
9520512,2023,2023-05-26,1801,2023-01-14,"641 ",2500,,6,5,3,1801,0,0,0,,0,,"SKYLINE RD","RT 139",0.00,,Y,C,-,N,,,,,,,,,,N,1,1,0,1,A,-,08,22107,,N,A,I,A,B,G,-,D,D,0,,,,,Y,,D,22,0,0,0,0,0,0,0,0,0,"- ","- ",40.426609039306641,-120.63491058349609,LASSEN,SUSANVILLE,-120.63838195800781,40.429603576660156
91223782,2020,2020-04-09,9170,2020-04-04,1915,020570,,6,2,9,1800,0,1,2,,1,001,"US 395","FILLMAN RD",200.00,S,N,A,-,Y,,,,,,,,,,Y,2,0,1,1,A,-,01,23152,A,N,E,I,A,A,H,-,A,D,0,,,,,Y,Y,A,01,1,0,0,0,0,0,0,0,0,"- ","- ",40.933399200439453,-120.51090240478516,LASSEN,UNINCORPORATED,-120.51071929931641,40.932872772216797
6594896,2014,2016-04-28,9140,2014-08-17,2025,17976,,7,2,9,1800,0,1,2,,2,013,"RT 395","BASS HILL RD",100.00,N,N,A,-,Y,LAS,2,395,-,-,57.580,H,-,S,N,2,0,1,2,A,-,07,21658,A,F,B,C,A,A,H,-,D,D,0,,,Y,,Y,,A,01,1,0,0,0,0,0,0,0,1,"- ","- ",,,LASSEN,UNINCORPORATED,-120.56111962999999,40.340810210000001
90907382,2018,2019-01-18,9140,2018-10-19,1000,014898,,5,1,9,1800,0,1,3,,2,034,"STATE ROUTE 44","PITTVILLE RD.",22176.00,E,N,A,-,Y,,,44,,,,,,,Y,1,1,2,2,A,-,08,22107,,N,A,C,A,A,H,-,A,D,0,,,,Y,Y,,A,01,1,1,0,0,0,0,0,0,0,"- ","- ",40.653739929199219,-121.19854736328125,LASSEN,UNINCORPORATED,-121.19853973388672,40.653770446777344
92006920,2022,2023-03-01,9140,2022-05-15,1146,018094,,7,1,9,1800,0,1,2,,2,014,US-395,"WRAN ROAD",127.00,S,N,A,-,Y,,,,,,,,,,Y,1,1,5,2,A,-,01,23152,F,N,A,C,A,A,H,-,A,D,0,,,,,Y,,A,01,2,3,0,0,0,0,0,0,0,"- ","- ",40.115489959716797,-120.24263763427734,LASSEN,UNINCORPORATED,-120.40717315673828,40.198246002197266
91371166,2020,2020-12-18,9170,2020-08-12,2500,021104,,3,4,9,1800,0,1,2,,1,001,"US HIGHWAY 395 (US-395)","COUNTY ROAD 508",2640.00,N,N,A,-,Y,,,395,,,,,,,Y,1,1,0,1,A,-,08,22107,,N,E,J,A,A,H,-,A,D,0,,,Y,,Y,,C,02,0,0,0,0,0,0,0,1,0,"- ","- ",40.869670867919922,-120.46614837646484,LASSEN,UNINCORPORATED,-120.46608734130859,40.869823455810547
91383932,2020,2021-02-01,9165,2020-11-07,1642,018600,,6,2,9,1800,0,1,3,,2,063,US-395,"POZZOLAN RD.",991.00,S,N,B,D,Y,,,395,,,,,,,Y,1,3,1,2,A,-,01,23152,G,N,A,C,A,B,H,-,A,D,0,,,,,Y,Y,A,01,1,0,0,0,0,0,0,0,0,"- ","- ",39.849708557128906,-120.04196929931641,LASSEN,UNINCORPORATED,-120.04195404052734,39.849712371826172
94562901,2025,2025-02-03,9135,2025-01-26,"325 ",020908,,7,3,9,1800,0,1,3,,2,652,SR-139,"HAYDEN HILL RD",9504.00,S,N,A,-,Y,LAS,,139," "," ",52.121,H,,R,Y,1,1,0,1,A,-,08,22107,,N,E,8,A,A,H,-,D,D,0,,,,,Y,,D,22,0,0,0,0,0,0,0,0,0,"- ","- ",41.013278961181641,-120.82319641113281,LASSEN,UNINCORPORATED,-120.82320404052734,41.013271331787109
90253220,2016,2016-08-26,9140,2016-08-13,2110,013571,,6,2,9,1800,0,1,2,,2,022,"US 395","BLM RD. 26000 (RAMHORN SPRINGS)",13728.00,S,N,A,-,Y,,,,,,,,,,Y,2,0,1,1,A,-,01,23152,A,N,E,I,A,A,H,-,D,D,0,,,,,Y,Y,A,01,1,0,0,0,0,0,0,0,0,"- ","- ",,,LASSEN,UNINCORPORATED,,
94019281,2024,2024-08-09,9140,2024-08-01,1527,020458,,4,2,9,1800,0,3,5,,2,010,"COUNTY ROAD A27","LEVITT LN.",47.00,E,N,A,-,N,,,,,,,,,,Y,2,0,4,1,A,-,01,23152,A,F,F,A,A,A,H,-,A,D,0,,,,,Y,Y,-,"- ",1,1,2,0,0,0,0,0,0,"- ","- ",40.395709991455078,-120.52120208740234,LASSEN,UNINCORPORATED,-120.52151489257812,40.395793914794922
91605766,2021,2021-10-25,9140,2021-06-06,2038,021034,,7,2,9,1800,0,1,3,,2,031,"STATE ROUTE 139","SPRING RIDGE ROAD",17424.00,N,N,A,-,Y,,,139,,,,,,,Y,1,1,0,1,A,-,08,22107,,N,E,I,A,A,H,-,D,D,0,,,,,Y,,D,22,0,0,0,0,0,0,0,0,0,"- ","- ",40.461551666259766,-120.59998321533203,LASSEN,UNINCORPORATED,-120.5999755859375,40.461559295654297
92303091,2023,2024-02-01,9140,2023-08-16,1713,016169,,3,2,9,1800,0,1,2,,2,013,US-395,"SUNNYSIDE ROAD",2640.00,N,N,B,-,Y,LAS,,395," "," ",56.869,H,,R,Y,1,2,1,2,A,-,06,21751,,N,A,C,A,A,H,-,A,D,0,,,,,Y,,A,01,1,0,0,0,0,0,0,0,0,"- ","- ",40.334579467773438,-120.55127716064453,LASSEN,UNINCORPORATED,-120.55123901367188,40.334625244140625
9576452,2022,2023-05-10,1801,2022-08-04,1014,2088,,4,5,3,1801,0,0,0,,0,,"SKYLINE PARK","WEST ENTRANCE TO SKYLINE PARK",0.00,,Y,A,-,N,,,,,,,,,,Y,2,0,1,1,C,-,18,,,N,E,I,A,A,H,-,A,D,0,,,,,Y,,-,"- ",1,0,0,0,0,0,0,0,0,"- ","- ",,,LASSEN,SUSANVILLE,,
90368321,2017,2017-02-14,9140,2017-01-02,1720,020502,,1,2,9,1800,0,1,2,,2,013,"US 395","HONEY VIEW LANE",4752.00,S,N,D,-,Y,,,,,,,,,,Y,2,0,7,2,A,-,05,21650,,N,A,C,A,C,H,-,D,D,0,,,,,Y,,A,07,1,1,5,0,0,0,0,0,0,"- ","- ",40.23104,-120.44295,LASSEN,UNINCORPORATED,-120.44348069999999,40.231630809999999
90571226,2017,2017-10-16,9135,2017-10-08,2225,019680,,7,3,9,1800,0,1,3,,2,651,"PUNKIN RD.","MATHEWS RD",2112.00,E,N,A,-,N,,,,,,,,,,Y,2,0,1,1,A,-,01,23152,A,N,E,I,A,A,H,-,D,D,0,,,,,Y,Y,D,22,1,0,0,0,0,0,0,0,0,"- ","- ",41.063130000000001,-121.10969,LASSEN,UNINCORPORATED,-121.10969335,41.069002509999997