CASE_ID,ACCIDENT_YEAR,PROC_DATE,JURIS,COLLISION_DATE,COLLISION_TIME,OFFICER_ID,REPORTING_DISTRICT,DAY_OF_WEEK,CHP_SHIFT,POPULATION,CNTY_CITY_LOC,SPECIAL_COND,BEAT_TYPE,CHP_BEAT_TYPE,CITY_DIVISION_LAPD,CHP_BEAT_CLASS,BEAT_NUMBER,PRIMARY_RD,SECONDARY_RD,DISTANCE,DIRECTION,INTERSECTION,WEATHER_1,WEATHER_2,STATE_HWY_IND,CALTRANS_COUNTY,CALTRANS_DISTRICT,STATE_ROUTE,ROUTE_SUFFIX,POSTMILE_PREFIX,POSTMILE,LOCATION_TYPE,RAMP_INTERSECTION,SIDE_OF_HWY,TOW_AWAY,COLLISION_SEVERITY,NUMBER_KILLED,NUMBER_INJURED,PARTY_COUNT,PRIMARY_COLL_FACTOR,PCF_CODE_OF_VIOL,PCF_VIOL_CATEGORY,PCF_VIOLATION,PCF_VIOL_SUBSECTION,HIT_AND_RUN,TYPE_OF_COLLISION,MVIW,PED_ACTION,ROAD_SURFACE,ROAD_COND_1,ROAD_COND_2,LIGHTING,CONTROL_DEVICE,CHP_ROAD_TYPE,PEDESTRIAN_ACCIDENT,BICYCLE_ACCIDENT,MOTORCYCLE_ACCIDENT,TRUCK_ACCIDENT,NOT_PRIVATE_PROPERTY,ALCOHOL_INVOLVED,STWD_VEHTYPE_AT_FAULT,CHP_VEHTYPE_AT_FAULT,COUNT_SEVERE_INJ,COUNT_VISIBLE_INJ,COUNT_COMPLAINT_PAIN,COUNT_PED_KILLED,COUNT_PED_INJURED,COUNT_BICYCLIST_KILLED,COUNT_BICYCLIST_INJURED,COUNT_MC_KILLED,COUNT_MC_INJURED,PRIMARY_RAMP,SECONDARY_RAMP,LATITUDE,LONGITUDE,COUNTY,CITY,POINT_X,POINT_Y
90640587,2018,2018-01-16,9140,2018-01-03,0135,015009,,3,3,9,1800,0,1,2,,2,013,"U.S. 395","HICKS ROAD",1056.00,N,N,A,-,Y,,,,,,,,,,Y,2,0,3,1,C,-,18,,,N,H,H,A,A,H,-,D,D,0,,,,,Y,,-,"- ",3,0,0,0,0,0,0,0,0,"- ","- ",,,LASSEN,UNINCORPORATED,-120.47586059570312,40.267688751220703
90688906,2018,2018-03-23,9140,2018-03-17,2030,018094,,6,2,9,1800,0,1,2,,2,015,US-395,"LAVER CROSSING",2640.00,N,N,A,F,Y,,,395,,,,,,,Y,2,0,3,2,A,-,03,22350,,N,A,C,A,C,H,-,D,D,0,,,,,Y,,A,07,1,1,1,0,0,0,0,0,0,"- ","- ",40.062511444091797,-120.13671112060547,LASSEN,UNINCORPORATED,-120.13665008544922,40.062564849853516
91640022,2021,2021-12-01,9135,2021-08-18,2500,018777,,3,4,9,1800,0,3,5,,2,007,"LASSEN COUNTY ROAD A2 (SUSANVILLE ROAD)","FINLEY ROAD",132.00,N,N,A,-,Y,,,,,,,,,,Y,1,1,0,1,A,-,01,23152,A,N,E,8,A,A,H,-,D,D,0,,,,,Y,Y,D,22,0,0,0,0,0,0,0,0,0,"- ","- ",41.132110595703125,-121.06800842285156,LASSEN,UNINCORPORATED,-121.06704711914062,41.132160186767578
9677074,2024,2024-05-28,1801,2024-04-27,1659,2516,,6,5,3,1801,0,0,0,,0,,"MESA ST","4TH ST",0.00,,Y,A,-,N,,,,,,,,,,Y,2,0,3,3,A,-,05,21752,,N,B,C,F,A,G,-,A,A,0,Y,,,,Y,,D,23,1,0,2,0,1,0,0,0,0,"- ","- ",40.417629241943359,-120.63942718505859,LASSEN,SUSANVILLE,-120.63913726806641,40.417396545410156
90618606,2017,2017-12-15,9140,2017-12-02,1805,020806,,6,2,9,1800,0,1,3,,2,032,"STATE ROUTE 44","GOUMAZ ROAD",3696.00,E,N,B,-,Y,,,,,,,,,,Y,2,0,6,2,A,-,05,21460,C,N,A,C,A,A,H,-,C,D,0,,,,,Y,,A,01,1,5,0,0,0,0,0,0,0,"- ","- ",40.264020000000002,-120.51452999999999,LASSEN,UNINCORPORATED,,
91036628,2019,2019-07-24,9140,2019-07-20,1645,016169,,6,2,9,1800,0,3,5,,2,040,"UNKNOWN DIRT ROAD NEAR SILVER LAKE",A-21,26400.00,W,N,A,-,N,,,,,,,,,,N,2,0,2,1,A,-,03,22350,,N,F,A,A,A,H,-,A,D,0,,,Y,,Y,,C,06,2,0,0,0,0,0,0,0,2,"- ","- ",40.293800354003906,-121.9490966796875,LASSEN,UNINCORPORATED,,
91499373,2021,2021-06-17,9140,2021-02-03,1714,016169,,3,2,9,1800,0,1,2,,2,015,US-395,"SCOTT ROAD",2640.00,S,N,B,G,Y,,,,,,,,,,Y,1,1,1,2,A,-,05,21460,A,N,A,C,A,A,H,-,A,D,0,,,,,Y,Y,A,01,0,1,0,0,0,0,0,0,0,"- ","- ",39.553001403808594,-120.01110076904297,LASSEN,UNINCORPORATED,-120.01994323730469,39.931247711181641
91519746,2021,2021-07-14,9165,2021-07-05,2034,019583,,1,2,9,1800,0,1,3,,2,060,SR-70,"MONUMENT LANE",4224.00,E,N,A,-,Y,,,70,,,,,,,Y,2,0,1,1,A,-,01,23152,A,N,F,A,A,A,H,-,B,D,0,,,Y,,Y,Y,C,02,1,0,0,0,0,0,0,0,1,"- ","- ",39.790229797363281,-120.10214233398438,LASSEN,UNINCORPORATED,-120.10214233398438,39.790241241455078
91911749,2022,2022-11-07,9140,2022-11-01,0209,021034,,2,3,9,1800,0,3,5,,2,020,"SKYLINE ROAD","JOHNSTONVILLE ROAD",4330.00,N,N,A,-,N,,,,,,,,,,Y,2,0,1,1,A,-,01,23152,A,N,E,I,A,A,H,-,D,D,0,,,Y,,Y,Y,C,02,1,0,0,0,0,0,0,0,1,"- ","- ",40.416561126708984,-120.62316131591797,LASSEN,UNINCORPORATED,-120.62339019775391,40.404609680175781
6439403,2014,2015-11-14,1801,2014-03-16,1508,890,SVL,7,5,3,1801,0,0,0,,0,,"RT 36","RT 36 2875",0.00,,N,A,-,Y,LAS,2,36,-,R,26.160,H,-,W,N,2,0,1,2,A,-,09,21804,,N,D,C,A,A,H,-,A,D,0,,,,,Y,,-,"- ",1,0,0,0,0,0,0,0,0,"- ","- ",,,LASSEN,SUSANVILLE,-120.63582183,40.410226209999998
6960521,2015,2016-11-04,9140,2015-04-01,1822,014430,,3,2,9,1800,0,1,2,,2,015,"RT 395","LAVER XING",3168.00,N,N,B,-,Y,LAS,2,395,-,-,27.190,H,-,S,Y,2,0,3,2,A,-,01,23152,A,N,A,C,A,A,H,-,A,D,0,,,,,Y,Y,A,01,3,0,0,0,0,0,0,0,0,"- ","- ",40.342500000000001,-120.6478,LASSEN,UNINCORPORATED,-120.13768005,40.063652980000001
91309339,2020,2020-09-22,9140,2020-09-07,1629,021238,,1,2,9,1800,0,1,3,,2,041,"STATE ROUTE 36","BIRCH STREET",180.00,E,N,A,-,Y,,,36,,,,,,,Y,2,0,2,1,A,-,08,22107,,N,E,I,A,A,H,-,A,D,0,,,,,Y,,A,01,1,1,0,0,0,0,0,0,0,"- ","- ",40.31475830078125,-121.00016784667969,LASSEN,UNINCORPORATED,-121.00016784667969,40.314773559570312
90285637,2016,2016-10-06,9140,2016-09-25,0640,016169,,7,1,9,1800,0,1,2,,2,013,"US 395","JANESVILLE GRADE",280.00,N,N,A,-,Y,,,,,,,,,,Y,2,0,1,1,C,-,18,,,N,H,H,A,A,H,-,B,D,0,,,Y,,Y,,-,"- ",1,0,0,0,0,0,0,0,1,"- ","- ",40.291260000000001,-120.5027,LASSEN,UNINCORPORATED,,
90639296,2018,2018-01-31,9140,2018-01-06,0918,020458,,6,1,9,1800,0,1,3,,2,031,SR-139,"RICE CANYON ROAD",130.00,N,N,A,F,Y,,,139,,,,,,,Y,1,1,0,1,A,-,03,22350,,N,F,A,A,C,G,-,A,D,0,,,,,Y,,A,08,0,0,0,0,0,0,0,0,0,"- ","- ",40.480091094970703,-120.54531860351562,LASSEN,UNINCORPORATED,-120.54523468017578,40.479988098144531
90826303,2018,2018-10-02,9135,2018-08-24,2200,015627,,5,3,9,1800,0,3,5,,2,007,"LITTLE VALLEY ROAD","PITTVILLE ROAD",21120.00,S,N,A,-,N,,,,,,,,,,Y,1,1,1,1,A,-,08,22107,,N,F,A,A,A,H,-,D,D,0,,,,,Y,Y,D,22,1,0,0,0,0,0,0,0,0,"- ","- ",40.993511199951172,-121.28643035888672,LASSEN,UNINCORPORATED,-121.3023681640625,41.009052276611328
92139785,2023,2023-08-09,9140,2023-07-30,2215,021043,,7,3,9,1800,0,1,3,,2,042,"STATE ROUTE 147","SPRING CREEK DRIVE",419.00,N,N,A,-,Y,LAS,,147," "," ",0.880,H,,R,Y,2,0,1,2,A,-,01,23152,A,N,A,C,A,A,H,-,D,D,0,,,Y,,Y,Y,C,02,1,0,0,0,0,0,0,0,1,"- ","- ",40.298431396484375,-121.04689788818359,LASSEN,UNINCORPORATED,-121.04691314697266,40.298435211181641
91834589,2022,2022-08-08,9140,2022-07-31,1127,019275,,7,1,9,1800,0,1,3,,2,034,US-395,"LAMBERT LN",1584.00,S,N,A,-,Y,LAS,,395,,R,71.243,H,,R,Y,2,0,1,1,A,-,08,22107,,N,E,I,A,A,H,-,A,D,0,,,,,Y,,D,22,1,0,0,0,0,0,0,0,0,"- ","- ",40.366790771484375,-120.40264129638672,LASSEN,UNINCORPORATED,-120.40270233154297,40.3668212890625
94418678,2024,2024-10-03,9140,2024-06-19,1040,019971,,3,1,9,1800,0,1,2,,2,014,"US 395","COUNTY ROAD A25",16896.00,N,N,A,-,Y,LAS,,395," "," ",37.733,H,,R,Y,1,1,1,2,A,-,03,22350,,N,C,C,A,A,H,-,A,D,0,,,,Y,Y,,G,25,0,1,0,0,0,0,0,0,0,"- ","- ",40.149929046630859,-120.29862213134766,LASSEN,UNINCORPORATED,-120.29861450195312,40.149932861328125
6853002,2015,2016-09-07,1801,2015-03-06,1906,833,LASSE,5,5,3,1801,0,0,0,,0,,"RT 139","CHESTNUT ST",0.00,,Y,A,-,Y,LAS,2,139,-,-,0.612,I,5,N,N,2,0,1,1,D,-,00,,,N,-,A,A,A,H,-,C,D,0,,,,,Y,,-,"- ",1,0,0,0,0,0,0,0,0,"- ","- ",,,LASSEN,SUSANVILLE,-120.64495097,40.42384431
91423762,2021,2021-03-09,9140,2021-03-01,1555,020569,,1,2,9,1800,0,1,2,,2,013,US-395,"CHURCH ST",0.00,,Y,A,-,Y,,,,,,,,,,Y,2,0,2,3,A,-,09,21802,A,N,D,C,A,A,H,-,A,D,0,,,,,Y,,D,22,1,1,0,0,0,0,0,0,0,"- ","- ",40.295860290527344,-120.51728820800781,LASSEN,UNINCORPORATED,-120.42032623291016,40.365234375
91320081,2020,2020-10-08,9140,2020-09-30,2210,020569,,3,3,9,1800,0,1,2,,2,014,US-395,"THUNDER MOUNTAIN ROAD",4752.00,N,N,F,-,Y,,,395,,,,,,,Y,2,0,3,2,A,-,01,23152,A,N,B,C,A,A,H,-,D,D,0,,,,,Y,Y,A,01,3,0,0,0,0,0,0,0,0,"- ","- ",40.231201171875,-120.44316864013672,LASSEN,UNINCORPORATED,-120.44310760498047,40.23126220703125
91358017,2020,2020-12-03,9165,2020-11-29,1217,013901,,7,1,9,1800,0,1,3,,2,062,"US-395 N/B","SCOTT U/C",3168.00,S,N,A,-,Y,,,395,,,,,,N,Y,2,0,1,1,A,-,16,24002,A,N,F,A,A,A,H,-,A,D,0,,,,,Y,,A,07,1,0,0,0,0,0,0,0,0,"- ","- ",39.714729309082031,-120.03646850585938,LASSEN,UNINCORPORATED,-120.03649139404297,39.7147216796875
91100854,2019,2019-10-18,9140,2019-10-11,1905,021043,,5,2,9,1800,0,3,5,,2,040,"SPRING CREEK DRIVE","CIRCLE DRIVE",792.00,S,N,A,-,N,,,,,,,,,,N,2,0,1,1,A,-,21,22106,,N,E,J,A,A,H,-,B,D,0,,,,,Y,,A,01,1,0,0,0,0,0,0,0,0,"- ","- ",40.295291900634766,-121.04998016357422,LASSEN,UNINCORPORATED,-121.05122375488281,40.295158386230469
91329328,2020,2020-10-22,9140,2020-10-14,1000,020502,,3,1,9,1800,0,1,2,,2,015,"US 395","N. RIVERVIEW DRIVE",1056.00,S,N,A,-,Y,,,,,,,,,,Y,2,0,1,3,A,-,05,21460,A,N,B,D,A,A,H,-,A,D,0,,,,,Y,,D,22,1,0,0,0,0,0,0,0,0,"- ","- ",40.038120269775391,-120.11348724365234,LASSEN,UNINCORPORATED,-120.11355590820312,40.038089752197266
94702286,2025,2025-05-27,9140,2025-05-19,1520,024477,,1,2,9,1800,0,1,3,,2,034,"STATE ROUTE 44 WEST OF FOREST ROUTE 33N02","FOREST ROUTE 33N02",491.00,W,N,A,-,Y,LAS,,44," "," ",12.394,H,,R,Y,2,0,2,2,A,-,05,21460,A,N,A,C,A,A,H,-,A,D,0,,,,,Y,,A,01,2,0,0,0,0,0,0,0,0,"- ","- ",40.612751007080078,-121.11403656005859,LASSEN,UNINCORPORATED,-121.11398315429688,40.612789154052734
9566559,2021,2023-05-08,1801,2021-01-06,2200,2447,,3,5,3,1801,0,0,0,,0,,"RIVER ST","S SACRAMENTO ST",0.00,,Y,A,-,N,,,,,,,,,,N,2,0,1,1,A,-,03,22350,,N,H,J,A,A,H,-,D,D,0,,,,,Y,,A,01,1,0,0,0,0,0,0,0,0,"- ","- ",34.027149200439453,-118.375732421875,LASSEN,SUSANVILLE,-120.64501190185547,40.412322998046875
6566844,2014,2015-03-20,9140,2014-06-16,0055,19275,,1,3,9,1800,0,1,2,,2,014,"RT 395","COUNTY RD A-26",6864.00,N,N,A,-,Y,LAS,2,395,-,-,31.200,H,-,N,Y,2,0,1,2,A,-,01,23152,A,N,B,C,A,A,H,-,D,D,0,,,,Y,Y,Y,A,01,1,0,0,0,0,0,0,0,0,"- ","- ",,,LASSEN,UNINCORPORATED,-120.19397693000001,40.100984830000002
91686322,2021,2022-02-18,9165,2021-12-28,1019,018622,,2,1,9,1800,0,1,S,,2,056,US-395,"POZZOLAN RD.",8976.00,S,N,B,-,Y,,,395,,,,,,,Y,1,2,0,2,A,-,03,22350,,N,A,2,A,C,E,-,A,D,0,,,,Y,Y,,D,22,0,0,0,0,0,0,0,0,0,"- ","- ",39.829349517822266,-120.03742980957031,LASSEN,UNINCORPORATED,-120.03745269775391,39.829345703125
90950807,2019,2019-03-21,9140,2019-03-14,2100,020806,,4,2,9,1800,0,1,2,,2,022,"US HIGHWAY 395","RAM HORN SPRINGS ROAD",41.00,S,N,A,-,Y,,,,,,,,,,Y,2,0,1,1,A,-,08,22107,,N,F,A,A,A,H,-,D,D,0,,,,,Y,,A,01,1,0,0,0,0,0,0,0,0,"- ","- ",,,LASSEN,UNINCORPORATED,,
91937722,2022,2022-12-08,9140,2022-11-24,0820,021345,,4,1,9,1800,0,3,5,,2,010,"RICHMOND ROAD","CIRCLE DRIVE",100.00,W,N,A,-,N,,,,,,,,,,Y,2,0,1,1,A,-,08,22107,,N,E,I,A,A,H,-,D,D,0,,,,,Y,,A,01,1,0,0,0,0,0,0,0,0,"- ","- ",40.371898651123047,-120.64717864990234,LASSEN,UNINCORPORATED,-120.64521789550781,40.371269226074219
92027465,2023,2023-03-24,9140,2023-03-09,1631,021238,,4,2,9,1800,0,3,5,,2,040,"LASSEN COUNTY ROAD A-21 (A-21)","INDIAN OLE ROAD",528.00,E,N,D,-,N,,,,,,,,,,Y,2,0,3,2,A,-,03,22350,,N,D,2,A,C,H,-,A,D,0,,,,,Y,,A,01,1,0,2,0,0,0,0,0,0,"- ","- ",40.301979064941406,-121.02867889404297,LASSEN,UNINCORPORATED,-121.02890014648438,40.302009582519531
92145491,2023,2023-08-16,9140,2023-08-10,"732 ",021345,,4,1,9,1800,0,1,3,,2,011,SR-36,"36 LAS 21.35",89.00,E,N,A,-,Y,LAS,,36," "," ",21.368,H,,R,Y,2,0,1,1,C,-,18,,,N,H,H,A,A,H,-,A,D,0,,,Y,,Y,,-,"- ",1,0,0,0,0,0,0,0,1,"- ","- ",40.417221069335938,-120.71524810791016,LASSEN,UNINCORPORATED,-120.71524810791016,40.417221069335938
90062392,2015,2015-12-01,9165,2015-11-24,1627,013901,,2,2,9,1800,0,1,3,,2,063,"US 395",SR-70,7920.00,N,N,B,D,Y,,,,,,,,,,Y,2,0,9,2,A,-,03,22350,,N,A,C,A,C,E,-,B,D,0,,,,,Y,,D,22,5,3,1,0,0,0,0,0,0,"- ","- ",39.798560000000002,-120.03577,LASSEN,UNINCORPORATED,-120.03833671,39.775339709999997
6484927,2014,2015-11-20,9140,2014-04-25,0950,015131,,5,1,9,1800,0,1,3,,2,034,"RT 44","PITTVILLE RD",3168.00,W,N,D,-,Y,LAS,2,44,-,-,8.110,H,-,E,Y,2,0,2,2,A,-,06,21751,,N,A,C,A,C,H,-,A,D,0,,,,,Y,,A,01,2,0,0,0,0,0,0,0,0,"- ","- ",,,LASSEN,UNINCORPORATED,-121.17858484,40.650630139999997
91285465,2020,2020-08-13,9135,2020-08-11,1815,019680,,2,2,9,1800,0,1,3,,2,603,"OLD HIGHWAY RD.","STATE HIGHWAY 299",7920.00,S,N,A,-,N,,,,,,,,,,Y,2,0,1,1,A,-,08,22107,,N,E,I,A,A,H,-,A,D,0,,,,,Y,Y,D,22,1,0,0,0,0,0,0,0,0,"- ","- ",41.235458374023438,-121.12534332275391,LASSEN,UNINCORPORATED,-121.27679443359375,41.072711944580078
91528157,2021,2021-07-26,9165,2021-07-15,0325,019781,,4,3,9,1800,0,1,3,,2,063,US-395,"BLM RD",10.00,N,N,A,-,Y,,,395,,,,,,,Y,2,0,2,2,A,-,01,23152,F,N,C,C,A,A,H,-,D,D,0,,,,Y,Y,,D,22,2,0,0,0,0,0,0,0,0,"- ","- ",39.87969970703125,-120.02722930908203,LASSEN,UNINCORPORATED,-120.0272216796875,39.879692077636719
90567602,2017,2017-10-11,9140,2017-10-08,1635,020696,,7,2,9,1800,0,1,2,,2,015,US-395,"HALL RD.",3168.00,N,N,A,-,Y,,,395,,,,,,,Y,2,0,1,1,A,-,08,22107,,N,F,A,A,A,H,-,A,D,0,,,,,Y,,D,22,1,0,0,0,0,0,0,0,0,"- ","- ",40.006770000000003,-120.08994,LASSEN,UNINCORPORATED,-120.09000029000001,40.006732730000003
6459169,2014,2014-07-14,9140,2014-04-19,1040,017976,,6,1,9,1800,0,3,5,,2,010,"COUNTY ROAD 25","COUNTY ROAD A 26",0.00,,Y,A,-,N,,,,,,,,,,Y,2,0,1,2,A,-,09,21804,A,N,D,C,A,A,H,-,A,D,0,,,Y,,Y,,A,07,1,0,0,0,0,0,0,0,1,"- ","- ",,,LASSEN,UNINCORPORATED,,
6710571,2014,2016-06-14,9140,2014-10-12,0440,014898,,7,3,9,1800,0,1,3,,2,034,"RT 44","HARVEY VALLEY RD",2640.00,W,N,B,-,Y,LAS,2,44,-,-,12.000,H,-,E,Y,2,0,4,1,A,-,08,22107,,N,E,I,A,A,H,-,D,D,0,,,,,Y,,D,22,2,0,2,0,0,0,0,0,0,"- ","- ",40.615580000000001,-121.11829,LASSEN,UNINCORPORATED,-121.12163036,40.617711900000003
91230889,2020,2020-04-29,9140,2020-03-29,2500,020458,,7,4,9,1800,0,1,2,,2,022,US-395,"WENDEL RD.",1056.00,S,N,B,-,Y,,,395,,,,,,,Y,1,1,0,1,A,-,08,22107,,N,F,A,A,A,H,-,A,D,0,,,Y,,Y,,C,02,0,0,0,0,0,0,0,1,0,"- ","- ",40.377361297607422,-120.31472015380859,LASSEN,UNINCORPORATED,-120.31473541259766,40.377429962158203
91525653,2021,2021-09-01,9140,2021-07-14,1410,016322,,3,2,9,1800,0,1,2,,2,021,US-395,"WINDRIFT ROAD",2640.00,N,N,A,-,N,,,395,,,,,,,Y,1,1,1,1,A,-,05,21650,,N,E,I,A,A,H,-,A,D,0,,,,,Y,,A,07,1,0,0,0,0,0,0,0,0,"- ","- ",40.365451812744141,-120.40509033203125,LASSEN,UNINCORPORATED,-120.40509796142578,40.365493774414062
92004318,2022,2023-06-21,9140,2022-12-27,1715,020519,,2,2,9,1800,0,1,3,,2,034,"RT 44","FOREST SERVICE ROAD 32N09",1954.00,E,N,B,D,Y,LAS,,44,,,15.100,H,,R,Y,1,1,3,2,A,-,08,22107,,N,A,C,A,C,B,E,D,A,0,,,,,Y,,A,08,1,2,0,0,0,0,0,0,0,"- ","- ",40.581501007080078,-121.08377075195312,LASSEN,UNINCORPORATED,-121.08371734619141,40.581531524658203
94727154,2025,2025-06-16,9140,2025-06-13,1502,016169,,5,2,9,1800,0,1,3,,2,041,"SR-36 E/O WESTWOOD","LASSEN A-21",3696.00,E,N,A,-,Y,LAS,,36," "," ",4.647,H,,R,Y,2,0,1,1,A,-,08,22107,,N,E,8,A,A,H,-,A,D,0,,,,,Y,,-,"- ",1,0,0,0,0,0,0,0,0,"- ","- ",40.31610107421875,-120.97499847412109,LASSEN,UNINCORPORATED,-120.97500610351562,40.316131591796875
6590288,2014,2014-09-03,9135,2014-07-29,1820,13145,,2,2,9,1800,0,3,5,,2,007,"DAY RD","OAK WOODS DR",538.00,S,N,A,-,N,,,,,,,,,,Y,2,0,1,1,A,-,01,23152,A,N,E,J,A,A,H,-,A,D,0,,,,,Y,Y,D,22,1,0,0,0,0,0,0,0,0,"- ","- ",,,LASSEN,UNINCORPORATED,-121.33177130999999,41.11335862
92137873,2023,2023-08-07,9170,2023-07-30,2050,021962,,7,2,9,1800,0,3,5,,1,022,"COUNTY ROAD 510","S. WARNER ROAD",3696.00,S,N,A,-,N,,,,,,,,,,N,2,0,1,1,C,-,18,,,N,H,H,A,A,H,-,B,D,0,,,Y,,Y,,-,"- ",1,0,0,0,0,0,0,0,1,"- ","- ",41.153659820556641,-120.27964782714844,LASSEN,UNINCORPORATED,,
90193073,2016,2016-06-02,9140,2016-05-28,2500,019275,,6,4,9,1800,0,3,5,,2,010,"SUNNYSIDE ROAD","TEA CUP LANE",0.00,,Y,A,-,N,,,,,,,,,,Y,2,0,1,1,A,-,08,22107,,N,E,I,A,A,H,-,D,D,0,,,,,Y,,A,07,1,0,0,0,0,0,0,0,0,"- ","- ",,,LASSEN,UNINCORPORATED,-120.52504152,40.325214019999997
92205245,2023,2023-10-23,9165,2023-10-15,"115 ",020569,,7,3,9,1800,0,1,3,,2,060,SR-70,"LARDER WAY",45.00,E,N,A,-,Y,,,,,,,,,,Y,2,0,1,1,A,-,03,22350,,N,E,8,A,A,H,-,C,D,0,,,,,Y,,A,07,1,0,0,0,0,0,0,0,0,"- ","- ",39.774700164794922,-120.03723907470703,LASSEN,UNINCORPORATED,-120.03739166259766,39.774879455566406
91303497,2020,2020-09-14,9140,2020-09-05,1840,019471,,6,2,9,1800,0,1,3,,2,031,"STATE ROUTE 139","HAGATA RD",5808.00,S,N,A,-,Y,,,139,,,,,,,Y,2,0,1,1,A,-,08,22107,,N,E,I,A,A,H,-,A,D,0,,,,,Y,,A,07,1,0,0,0,0,0,0,0,0,"- ","- ",40.500461578369141,-120.56327819824219,LASSEN,UNINCORPORATED,-120.56346130371094,40.500198364257812
92092510,2023,2023-06-13,9140,2023-05-17,1925,020696,,3,2,9,1800,0,1,3,,2,032,SR-44,"44 LAS 34.00",100.00,W,N,A,-,Y,LAS,,44," "," ",34.124,H,,R,Y,2,0,1,1,A,-,01,23152,A,N,F,A,A,A,H,-,B,D,0,,,,,Y,Y,D,22,1,0,0,0,0,0,0,0,0,"- ","- ",40.426509857177734,-120.80650329589844,LASSEN,UNINCORPORATED,-120.80649566650391,40.426486968994141
90331299,2016,2016-11-28,9165,2016-10-23,1510,020692,,7,2,9,1800,0,1,3,,2,062,"US-395 N/B",SR-70,7920.00,S,N,B,-,Y,,,395,,,,,,N,Y,1,1,0,1,A,-,01,23152,A,N,F,A,A,A,H,-,A,D,0,,,,,Y,Y,D,22,0,0,0,0,0,0,0,0,0,"- ","- ",39.753010000000003,-120.03896,LASSEN,UNINCORPORATED,-120.03890009,39.753010000000003
91893337,2022,2022-10-18,9170,2022-10-17,0230,019786,,1,3,9,1800,0,1,2,,1,001,US-395,"ANTELOPE ROAD",8976.00,S,N,A,-,Y,LAS,,395,,,125.185,H,,R,Y,2,0,1,1,A,-,08,22107,,N,E,I,A,A,H,-,D,D,0,,,,,Y,,E,22,1,0,0,0,0,0,0,0,0,"- ","- ",40.995861053466797,-120.49391174316406,LASSEN,UNINCORPORATED,-120.49390411376953,40.995861053466797
6290312,2014,2015-12-21,9135,2014-02-15,0701,12142,,6,1,9,1800,0,3,5,,2,007,"KRAMER RD","FOUR CORNERS RD",9504.00,N,N,B,-,N,,,,,,,,,,Y,1,1,0,1,A,-,08,22107,,N,E,I,A,A,H,-,A,D,0,,,,,Y,Y,A,01,0,0,0,0,0,0,0,0,0,"- ","- ",,,LASSEN,UNINCORPORATED,-121.19140838,41.150856820000001
6292487,2015,2017-05-09,9140,2015-04-29,1700,14430,,3,2,9,1800,0,3,5,,2,010,"LAMBERT LN","ALEXANDER LN",0.00,,Y,A,-,N,,,,,,,,,,Y,1,1,1,2,A,-,12,22450,A,N,D,C,A,A,H,-,A,A,0,,,,,Y,,D,22,0,0,1,0,0,0,0,0,0,"- ","- ",40.350929999999998,-120.39910999999999,LASSEN,UNINCORPORATED,-120.39909999,40.350939959999998