CASE_ID,ACCIDENT_YEAR,PROC_DATE,JURIS,COLLISION_DATE,COLLISION_TIME,OFFICER_ID,REPORTING_DISTRICT,DAY_OF_WEEK,CHP_SHIFT,POPULATION,CNTY_CITY_LOC,SPECIAL_COND,BEAT_TYPE,CHP_BEAT_TYPE,CITY_DIVISION_LAPD,CHP_BEAT_CLASS,BEAT_NUMBER,PRIMARY_RD,SECONDARY_RD,DISTANCE,DIRECTION,INTERSECTION,WEATHER_1,WEATHER_2,STATE_HWY_IND,CALTRANS_COUNTY,CALTRANS_DISTRICT,STATE_ROUTE,ROUTE_SUFFIX,POSTMILE_PREFIX,POSTMILE,LOCATION_TYPE,RAMP_INTERSECTION,SIDE_OF_HWY,TOW_AWAY,COLLISION_SEVERITY,NUMBER_KILLED,NUMBER_INJURED,PARTY_COUNT,PRIMARY_COLL_FACTOR,PCF_CODE_OF_VIOL,PCF_VIOL_CATEGORY,PCF_VIOLATION,PCF_VIOL_SUBSECTION,HIT_AND_RUN,TYPE_OF_COLLISION,MVIW,PED_ACTION,ROAD_SURFACE,ROAD_COND_1,ROAD_COND_2,LIGHTING,CONTROL_DEVICE,CHP_ROAD_TYPE,PEDESTRIAN_ACCIDENT,BICYCLE_ACCIDENT,MOTORCYCLE_ACCIDENT,TRUCK_ACCIDENT,NOT_PRIVATE_PROPERTY,ALCOHOL_INVOLVED,STWD_VEHTYPE_AT_FAULT,CHP_VEHTYPE_AT_FAULT,COUNT_SEVERE_INJ,COUNT_VISIBLE_INJ,COUNT_COMPLAINT_PAIN,COUNT_PED_KILLED,COUNT_PED_INJURED,COUNT_BICYCLIST_KILLED,COUNT_BICYCLIST_INJURED,COUNT_MC_KILLED,COUNT_MC_INJURED,PRIMARY_RAMP,SECONDARY_RAMP,LATITUDE,LONGITUDE,COUNTY,CITY,POINT_X,POINT_Y
6292569,2015,2017-04-06,9140,2015-06-19,1853,19275,,5,2,9,1800,0,3,5,,2,030,"GALLATIN RD","COUNTY ROAD A-1",1584.00,E,N,A,-,N,,,,,,,,,,Y,1,1,0,1,A,-,08,22107,,N,E,I,A,A,H,-,A,D,0,,,,,Y,Y,A,01,0,0,0,0,0,0,0,0,0,"- ","- ",40.54468,-120.7906,LASSEN,UNINCORPORATED,-120.78973886999999,40.545499489999997
6524631,2014,2014-08-09,9140,2014-06-05,1340,014568,,4,1,9,1800,0,3,5,,2,030,"EAGLE LAKE RD","FOREST DR",528.00,N,N,A,-,N,,,,,,,,,,Y,2,0,1,1,A,-,01,23152,A,N,E,I,A,A,H,-,A,D,0,,,,,Y,Y,A,01,1,0,0,0,0,0,0,0,0,"- ","- ",,,LASSEN,UNINCORPORATED,-120.74133843,40.435618239999997
6594888,2014,2016-04-27,9140,2014-08-17,1500,14898,,7,2,9,1800,0,1,3,,2,031,"RT 139","EAGLE LAKE RD",15840.00,S,N,A,-,Y,LAS,2,139,-,-,26.900,H,-,N,Y,2,0,4,1,A,-,01,23152,A,N,F,A,A,A,H,-,A,D,0,,,,,Y,Y,A,01,2,2,0,0,0,0,0,0,0,"- ","- ",40.694890000000001,-120.67004,LASSEN,UNINCORPORATED,-120.67080932,40.696493320000002
6594892,2014,2016-04-28,9140,2014-08-19,0812,16322,,2,1,9,1800,0,1,2,,2,021,"RT 395","WENDEL RD",1056.00,S,N,A,-,Y,LAS,2,395,-,R,76.690,H,-,S,Y,2,0,1,1,A,-,03,22350,,N,E,I,A,A,C,D,A,A,0,,,,,Y,,A,07,1,0,0,0,0,0,0,0,0,"- ","- ",40.377310000000001,-120.31542,LASSEN,UNINCORPORATED,-120.31906923,40.377237880000003
6594900,2014,2014-09-08,9140,2014-08-02,2300,19275,,6,3,9,1800,0,3,5,,2,010,"WENDEL RD","VIEWLAND DR",7920.00,E,N,B,-,N,,,,,,,,,,Y,2,0,1,1,A,-,03,22350,,N,F,A,A,A,H,-,D,D,0,,,Y,,Y,,C,02,1,0,0,0,0,0,0,0,1,"- ","- ",,,LASSEN,UNINCORPORATED,-120.23860174000001,40.366216700000003
6595476,2014,2016-04-26,9135,2014-08-02,0815,012421,,6,1,9,1800,0,1,3,,2,651,"RT 299","BIG VALLEY MOUNTAIN RD",6336.00,E,N,A,-,Y,LAS,2,299,-,-,8.940,H,-,W,N,2,0,1,2,A,-,05,21460,A,N,B,C,A,A,H,-,A,D,0,,,Y,,Y,,C,02,1,0,0,0,0,0,0,0,1,"- ","- ",,,LASSEN,UNINCORPORATED,-121.2100482,41.06179393
6646205,2014,2016-04-27,1801,2014-09-28,0521,835,,7,5,3,1801,0,0,0,,0,,"RT 36","GRAND AV",6.00,W,N,A,-,Y,LAS,2,36,-,-,25.150,H,-,E,N,2,0,1,2,A,-,11,21954,A,N,G,B,D,A,H,-,C,A,0,Y,,,,Y,Y,N,60,1,0,0,0,1,0,0,0,0,"- ","- ",,,LASSEN,SUSANVILLE,-120.65254784,40.416340759999997
6718436,2014,2014-12-08,9140,2014-08-01,1308,11755,,5,1,9,1800,0,3,5,,2,010,"LAVER XING","RT 395",3696.00,E,N,A,-,N,,,,,,,,,,Y,1,1,0,1,A,-,01,23152,F,N,F,A,A,-,A,H,A,D,0,,,,,Y,Y,D,22,0,0,0,0,0,0,0,0,0,"- ","- ",,,LASSEN,UNINCORPORATED,-120.12019067999999,40.062001760000001
6753650,2014,2016-06-14,9140,2014-12-23,1105,16279,,2,1,9,1800,0,1,2,,2,013,"RT 395","SEARS RD",0.00,,Y,A,-,Y,LAS,2,395,-,-,53.100,I,5,N,Y,2,0,2,2,A,-,09,21802,A,N,D,C,A,A,H,-,A,D,0,,,,,Y,,A,01,1,0,1,0,0,0,0,0,0,"- ","- ",,,LASSEN,UNINCORPORATED,-120.50854424000001,40.294440299999998
6833481,2015,2016-04-13,1801,2015-02-24,0220,834,,2,5,3,1801,0,0,0,,0,,"SKYLINE EXT","RT 139",1584.00,E,N,A,-,N,,,,,,,,,,Y,2,0,1,1,A,-,08,22107,,N,A,I,A,A,H,-,D,D,0,,,,,Y,,-,,1,0,0,0,0,0,0,0,0,"- ","- ",,,LASSEN,SUSANVILLE,-120.63838,40.429600000000001
6854282,2014,2015-04-24,9140,2014-07-05,0642,16169,,6,1,9,1800,0,1,2,,2,021,"RT 395","SECRET VALLEY REST AREA",2112.00,S,N,A,-,Y,LAS,2,395,-,-,96.100,H,-,S,Y,1,1,5,1,C,-,18,,,N,E,I,A,A,H,-,A,D,0,,,,,Y,,-,"- ",0,4,1,0,0,0,0,0,0,"- ","- ",40.645650000000003,-120.25882,LASSEN,UNINCORPORATED,-120.25312618,40.636949029999997
6858039,2015,2016-09-07,9165,2015-03-14,0625,012886,,6,1,9,1800,0,1,3,,2,062,"RT 395","RT 70",6336.00,S,N,A,-,Y,LAS,2,395,-,R,3.420,H,-,S,Y,2,0,1,1,A,-,08,22107,,N,E,I,A,A,H,-,D,D,0,,,,,Y,,D,22,1,0,0,0,0,0,0,0,0,"- ","- ",39.757390000000001,-120.03948,LASSEN,UNINCORPORATED,-120.03942775,39.7577876
6945919,2015,2016-11-04,9140,2015-05-16,0931,20458,,6,1,9,1800,0,1,3,,2,031,"RT 139","RICE CANYON RD",2640.00,N,N,A,-,Y,LAS,2,139,-,-,9.610,H,-,S,Y,2,0,2,1,A,-,05,21650,,N,E,I,A,A,H,-,A,D,0,,,,,Y,,D,22,2,0,0,0,0,0,0,0,0,"- ","- ",,,LASSEN,UNINCORPORATED,-120.54778297999999,40.484923909999999
6945994,2015,2016-11-04,9140,2015-05-04,1420,018283,,1,2,9,1800,0,1,2,,2,013,"RT 395","MAIN ST",0.00,,Y,A,-,Y,LAS,2,395,-,-,55.180,I,5,S,Y,2,0,4,2,C,-,18,,,N,D,C,A,A,H,-,A,D,0,,,,,Y,,-,"- ",1,3,0,0,0,0,0,0,0,"- ","- ",40.313859999999998,-120.53819,LASSEN,UNINCORPORATED,-120.53724846,40.313151359999999
6989281,2015,2017-01-14,9165,2015-07-06,0711,019781,,1,1,9,1800,0,1,3,,2,060,"RT 70","SCOTT RD",3168.00,E,N,A,-,Y,LAS,2,70,-,-,2.350,H,-,E,Y,2,0,1,1,A,-,08,22107,,N,E,I,A,A,H,-,A,D,0,,,,,Y,,A,01,1,0,0,0,0,0,0,0,0,"- ","- ",39.782339999999998,-120.06475,LASSEN,UNINCORPORATED,-120.06581988000001,39.782550909999998
8149727,2016,2017-02-27,1801,2016-09-03,2015,830,1801,6,5,3,1801,0,0,0,,0,001,"RT 36","QUARRY ST",120.00,W,N,A,-,Y,LAS,2,36,-,-,24.380,H,-,E,N,2,0,1,1,A,-,"- ",,,N,H,H,A,A,H,-,D,D,0,,,Y,,Y,,C,02,1,0,0,0,0,0,0,0,1,"- ","- ",,,LASSEN,SUSANVILLE,-120.6652995,40.417541120000003
90018371,2015,2015-10-19,9140,2015-07-11,2500,014898,,6,4,9,1800,0,3,5,,2,010,"DOYLE GRADE RD.","LAURA DR.",6864.00,W,N,B,-,N,,,,,,,,,,Y,1,2,0,1,A,-,01,23152,A,N,E,I,A,A,H,-,D,D,0,,,,,Y,Y,D,22,0,0,0,0,0,0,0,0,0,"- ","- ",40.015920000000001,-120.12785,LASSEN,UNINCORPORATED,-120.12750296,40.016310529999998
90020591,2015,2015-10-19,9140,2015-09-09,0630,014898,,3,1,9,1800,0,1,2,,2,021,"US 395","PAGUEGUI LN.",300.00,N,N,A,-,Y,,,,,,,,,,N,2,0,1,1,A,-,08,22107,,N,F,A,A,A,H,-,A,D,0,,,Y,,Y,,C,06,1,0,0,0,0,0,0,0,1,"- ","- ",40.370089999999998,-120.46053000000001,LASSEN,UNINCORPORATED,-120.47514494000001,40.373276590000003
90028795,2015,2015-10-19,9135,2015-07-31,1255,018213,,5,1,9,1800,0,3,5,,2,006,SR-299,"PITTVILLE TOTTEN RD",4224.00,E,N,A,-,Y,,,299,,,,,,,Y,1,1,0,1,A,-,08,22107,,N,E,I,A,A,H,-,A,D,0,,,Y,,Y,,C,02,0,0,0,0,0,0,0,1,0,"- ","- ",41.077480000000001,-121.31722000000001,LASSEN,UNINCORPORATED,-121.31724398999999,41.077501810000001
90080716,2015,2015-12-23,9140,2015-12-13,1745,019493,,7,2,9,1800,0,1,2,,2,015,"US 395","HALL ROAD",528.00,N,N,B,-,Y,,,,,,,,,,Y,2,0,4,2,A,-,00,23153,E,N,A,C,A,B,H,-,D,A,0,,,,,Y,,A,01,3,0,1,0,0,0,0,0,0,"- ","- ",,,LASSEN,UNINCORPORATED,-120.08720076,40.002586010000002
90102158,2015,2016-01-29,9140,2015-12-19,1530,019275,,6,2,9,1800,0,1,3,,2,034,"STATE ROUTE 44","PITTVILLE ROAD",9504.00,W,N,B,-,Y,,,44,,,,,,,Y,1,2,2,2,A,-,03,22350,,N,A,C,A,C,H,-,A,A,0,,,,,Y,,A,01,0,0,2,0,0,0,0,0,0,"- ","- ",40.654380000000003,-121.20057,LASSEN,UNINCORPORATED,-121.20057482,40.65436381
90107014,2016,2016-02-02,9165,2016-01-31,1725,013901,,7,2,9,1800,0,1,3,,2,062,"US-395 S/B","EVANS CANYON U/C",1056.00,N,N,D,G,Y,,,395,,,,,,S,Y,2,0,2,1,A,-,03,22350,,N,F,A,A,C,E,-,B,D,0,,,,,Y,,A,07,1,1,0,0,0,0,0,0,0,"- ","- ",39.713520000000003,-120.03688,LASSEN,UNINCORPORATED,-120.0367947,39.713546289999996
90128144,2016,2016-03-02,9140,2016-01-25,1648,019493,,1,2,9,1800,0,3,5,,2,020,"CENTER ROAD","CRAMER RANCH ROAD",456.00,E,N,A,-,N,,,,,,,,,,Y,1,1,0,1,A,-,08,22107,,N,E,I,A,A,H,-,A,D,0,,,,,Y,,A,01,0,0,0,0,0,0,0,0,0,"- ","- ",40.398060000000001,-120.58503,LASSEN,UNINCORPORATED,-120.58477161,40.39840839
90230528,2016,2016-07-26,9140,2016-07-15,0400,020569,,5,3,9,1800,0,1,3,,2,034,SR-44,"BUTTE LAKE ROAD",1056.00,W,N,A,-,Y,,,,,,,,,,Y,2,0,1,1,A,-,08,22107,,N,F,A,A,A,H,-,D,D,0,,,,,Y,,D,22,1,0,0,0,0,0,0,0,0,"- ","- ",,,LASSEN,UNINCORPORATED,-121.28324636000001,40.646263150000003
90250263,2016,2016-08-23,9165,2016-08-01,1804,019781,,1,2,9,1800,0,1,3,,2,063,"U.S. 395","RED ROCK RD",8448.00,S,N,A,-,Y,,,,,,,,,,Y,1,1,2,3,A,-,05,21460,A,N,A,C,A,A,H,-,A,D,0,,,,Y,Y,,A,01,0,2,0,0,0,0,0,0,0,"- ","- ",39.88832,-120.02012000000001,LASSEN,UNINCORPORATED,-120.02072674,39.887474169999997
90287089,2016,2016-10-10,9140,2016-10-01,1015,020806,,6,1,9,1800,0,3,5,,2,010,"SUMMERS ROAD","HACKSTAFF ROAD",2112.00,E,N,A,-,N,,,,,,,,,,Y,2,0,1,1,A,-,01,23152,E,N,F,A,A,A,H,-,A,D,0,,,,,Y,,A,07,1,0,0,0,0,0,0,0,0,"- ","- ",40.06194,-120.06571,LASSEN,UNINCORPORATED,-120.11274815,40.113244719999997
90341365,2016,2016-12-09,9140,2016-10-11,1902,017976,,2,2,9,1800,0,3,5,,2,020,"COUNTY ROAD A-27 (JOHNSTONVILLE ROAD)","BIG SKY BLVD",605.00,W,N,A,-,N,,,,,,,,,,N,1,1,0,2,A,-,11,21954,A,F,G,B,D,A,H,-,C,D,0,Y,,,,Y,Y,N,60,0,0,0,1,0,0,0,0,0,"- ","- ",40.39922,-120.61498,LASSEN,UNINCORPORATED,-120.61501265,40.399124270000002
90411820,2017,2017-03-14,9165,2017-03-12,0838,013901,,7,1,9,1800,0,1,3,,2,060,SR-70,"LONG VALLEY CREEK",200.00,E,N,A,-,Y,,,70,,,,,,,Y,2,0,1,2,A,-,03,22350,,N,C,C,A,A,H,-,A,D,0,,,,,Y,Y,A,01,1,0,0,0,0,0,0,0,0,"- ","- ",39.783999999999999,-120.07115,LASSEN,UNINCORPORATED,-120.07114966,39.784001250000003
90418623,2017,2017-03-23,9140,2017-01-07,1551,020806,,6,2,9,1800,0,1,3,,2,032,"STATE ROUTE 44","STATE ROUTE 36",8448.00,W,N,B,D,Y,,,,,,,,,,Y,1,1,0,3,A,-,03,22350,,N,F,A,E,C,H,-,A,D,0,Y,,,Y,Y,,G,27,0,0,0,1,0,0,0,0,0,"- ","- ",40.250830000000001,-120.47027,LASSEN,UNINCORPORATED,-120.78336989,40.417869609999997
90448375,2017,2017-10-18,9140,2017-03-25,1520,020806,,6,2,9,1800,0,3,5,,2,020,"JOHNSTONVILLE ROAD","COMMERCIAL ROAD",930.00,E,N,A,-,N,,,,,,,,,,Y,1,1,0,1,A,-,08,22107,,N,F,A,A,A,H,-,A,D,0,,,,,Y,,D,22,0,0,0,0,0,0,0,0,0,"- ","- ",40.23968,-120.37027999999999,LASSEN,UNINCORPORATED,-120.61731408999999,40.399615140000002
90474270,2017,2017-06-09,9140,2017-05-29,2045,019471,,1,2,9,1800,0,1,2,,2,013,US-395,"HICKS RD",5280.00,S,N,A,-,Y,,,395,,,,,,,Y,2,0,1,1,A,-,03,22350,,N,E,J,A,A,C,-,D,D,0,,,Y,,Y,,C,02,1,0,0,0,0,0,0,0,1,"- ","- ",40.25215,-120.46338,LASSEN,UNINCORPORATED,-120.46327477,40.252230760000003
90474274,2017,2017-06-09,9140,2017-04-23,1010,016279,,7,1,9,1800,0,1,3,,2,031,"STATE ROUTE 139","CLEGHORN RD",303.00,S,N,A,-,Y,,,,,,,,,,Y,1,1,1,1,A,-,08,22107,,N,E,J,A,A,H,-,A,D,0,,,,,Y,,A,01,0,1,0,0,0,0,0,0,0,"- ","- ",,,LASSEN,UNINCORPORATED,-120.72607512,40.767673250000001
90491073,2017,2017-06-29,9140,2017-06-10,1657,016169,,6,2,9,1800,0,3,5,,2,010,"LAKE LEAVITT ROAD","CHAPPUIS LANE",0.00,,Y,A,-,N,,,,,,,,,,Y,2,0,4,2,A,-,09,21802,A,N,D,C,A,A,H,-,A,A,0,,,,,Y,,A,01,2,2,0,0,0,0,0,0,0,"- ","- ",,,LASSEN,UNINCORPORATED,-120.455262,40.364676000000003
90501130,2017,2017-07-14,9140,2017-07-06,1610,016322,,4,2,9,1800,0,1,3,,2,034,SR-44,SR-36,25344.00,W,N,A,-,Y,,,44,,,,,,,Y,2,0,1,1,A,-,03,22350,,N,F,A,A,A,H,-,A,D,0,,,Y,,Y,,C,02,1,0,0,0,0,0,0,0,1,"- ","- ",40.438540000000003,-120.83378999999999,LASSEN,UNINCORPORATED,-120.83381794,40.438497460000001
90560146,2017,2017-09-29,9135,2017-09-26,1400,012142,,2,2,9,1800,0,3,5,,2,007,"DAY ROAD","RT 299",10560.00,N,N,A,-,N,,,,,,,,,,Y,2,0,1,1,A,-,01,23152,A,N,E,I,A,A,H,-,A,D,0,,,,,Y,Y,A,01,1,0,0,0,0,0,0,0,0,"- ","- ",41.113810000000001,-121.33199999999999,LASSEN,UNINCORPORATED,-121.33197314,41.113750179999997
90567593,2017,2017-10-11,9140,2017-10-04,2020,020696,,3,2,9,1800,0,1,2,,2,013,US-395,"SUNNYSIDE RD.",2640.00,S,N,A,-,Y,,,395,,,,,,,Y,2,0,3,3,A,-,05,21460,A,N,A,C,A,A,H,-,D,D,0,,,,,Y,,A,01,1,1,1,0,0,0,0,0,0,"- ","- ",40.318060000000003,-120.54281,LASSEN,UNINCORPORATED,-120.54276186,40.318095839999998
90570133,2017,2017-10-13,9140,2017-10-05,0445,019275,,4,3,9,1800,0,1,2,,2,013,"US 395","MAIN STREET JANESVILLE",2640.00,S,N,A,-,Y,,,,,,,,,,Y,2,0,3,1,A,-,08,22107,,N,E,I,A,A,H,-,D,D,0,,,,,Y,,A,01,1,0,2,0,0,0,0,0,0,"- ","- ",40.309010000000001,-120.53222,LASSEN,UNINCORPORATED,,
90570287,2017,2017-10-13,9140,2017-10-08,1645,015855,,7,2,9,1800,0,1,2,,2,015,"US 395","HALL RD.",2640.00,N,N,A,-,Y,,,,,,,,,,N,2,0,1,2,A,-,11,21954,A,N,G,B,D,A,H,-,A,D,0,Y,,,,Y,,N,60,1,0,0,0,1,0,0,0,0,"- ","- ",40.00647,-120.08994,LASSEN,UNINCORPORATED,-120.09061963000001,40.007739389999998
90575552,2017,2017-10-23,9140,2017-09-28,2045,014430,,4,2,9,1800,0,1,2,,2,022,"US 395","UN ROAD AA",1584.00,S,N,A,-,Y,,,,,,,,,,Y,2,0,1,1,A,-,03,22350,,N,F,A,A,A,C,-,D,D,0,,,Y,,Y,,C,02,1,0,0,0,0,0,0,0,1,"- ","- ",40.425829999999998,-120.28286,LASSEN,UNINCORPORATED,,
90590136,2017,2017-11-08,9135,2017-09-06,0900,012142,,3,1,9,1800,0,3,5,,2,006,"LASSEN NATIONAL FORREST SERVICE RD 54","SUSANVILLE RD",6864.00,S,N,B,-,N,,,,,,,,,,Y,1,1,0,1,A,-,08,22107,,N,E,I,A,A,H,-,A,D,0,,,,Y,Y,,F,24,0,0,0,0,0,0,0,0,0,"- ","- ",41.113570000000003,-121.00185999999999,LASSEN,UNINCORPORATED,-121.00191861,41.113514899999998
90607746,2017,2017-12-01,9165,2017-10-21,2125,020692,,6,2,9,1800,0,1,3,,2,063,US-395,"POZZOLAN ROAD",9504.00,S,N,A,-,Y,,,395,,,,,,,Y,1,1,1,2,A,-,05,21650,,N,A,C,A,A,H,-,D,D,0,,,,,Y,,D,22,1,0,0,0,0,0,0,0,0,"- ","- ",39.826799999999999,-120.03684,LASSEN,UNINCORPORATED,-120.03687921,39.826791360000001
90625782,2017,2017-12-25,9140,2017-12-22,1650,013571,,5,2,9,1800,0,1,3,,2,032,"STATE ROUTE 44 (SR-44)","COUNTY ROAD A-21",1056.00,E,N,B,-,Y,,,,,,,,,,Y,2,0,1,1,A,-,08,22107,,N,E,I,A,A,H,-,D,D,0,,,,,Y,,A,01,1,0,0,0,0,0,0,0,0,"- ","- ",,,LASSEN,UNINCORPORATED,,
90675237,2018,2018-03-05,9140,2018-02-27,1855,015009,,2,2,9,1800,0,1,2,,2,022,"U.S. 395","SECRET VALLEY REST AREA",575.00,S,N,A,-,N,,,,,,,,,,Y,2,0,1,1,A,-,01,23152,A,N,E,I,A,A,H,-,D,D,0,,,,,Y,Y,A,07,1,0,0,0,0,0,0,0,0,"- ","- ",40.64678955078125,-120.260498046875,LASSEN,UNINCORPORATED,-120.25895690917969,40.645744323730469
90709384,2018,2018-04-19,9140,2018-04-09,1355,015009,,1,1,9,1800,0,1,2,,2,015,"U. S. 395","HALL ROAD",1056.00,N,N,A,-,Y,,,,,,,,,,Y,2,0,1,2,A,-,08,22107,,N,B,C,A,A,H,-,A,D,0,,,,,Y,,A,07,1,0,0,0,0,0,0,0,0,"- ","- ",40.00360107421875,-120.08809661865234,LASSEN,UNINCORPORATED,-120.08820343017578,40.003810882568359
90715673,2018,2018-04-27,9140,2018-04-21,0204,020569,,6,3,9,1800,0,3,5,,2,030,"RICHMOND RD","GOLD RUN ROAD",1056.00,S,N,A,-,N,,,,,,,,,,Y,2,0,1,1,A,-,01,23152,F,N,E,I,A,A,H,-,D,D,0,,,,,Y,,A,01,1,0,0,0,0,0,0,0,0,"- ","- ",40.374771118164062,-120.65556335449219,LASSEN,UNINCORPORATED,-120.65514373779297,40.374702453613281
90741773,2018,2018-06-05,9140,2018-05-24,0630,020502,,4,1,9,1800,0,3,5,,2,020,"CENTER ROAD","CRAMER RANCH ROAD",0.00,,Y,A,-,N,,,,,,,,,,Y,2,0,2,2,A,-,09,21802,A,N,A,C,A,A,H,-,A,D,0,,,Y,,Y,,A,01,1,1,0,0,0,0,0,0,1,"- ","- ",40.397228240966797,-120.58550262451172,LASSEN,UNINCORPORATED,-120.58560180664062,40.397331237792969
90742667,2018,2018-06-06,9140,2018-05-26,1445,020502,,6,2,9,1800,0,3,5,,2,030,"ALMOND WAY","MAHOGANY WAY",2640.00,W,N,B,-,N,,,,,,,,,,N,2,0,1,1,A,-,01,23152,A,N,F,A,A,D,H,-,A,D,0,,,Y,,Y,Y,C,06,1,0,0,0,0,0,0,0,1,"- ","- ",40.384090423583984,-120.46678161621094,LASSEN,UNINCORPORATED,-120.77524566650391,40.643955230712891
90747782,2018,2018-06-13,9140,2018-06-01,1530,020806,,5,2,9,1800,0,3,5,,2,030,"LASSEN NATIONAL FOREST ROAD 22","CLEGHORN ROAD",21120.00,N,N,A,-,N,,,,,,,,,,Y,2,0,1,1,A,-,08,22107,,N,E,I,A,A,H,-,A,D,0,,,,,Y,,D,22,1,0,0,0,0,0,0,0,0,"- ","- ",40.496810913085938,-120.52394866943359,LASSEN,UNINCORPORATED,,
90813548,2018,2018-09-14,9140,2018-09-04,1740,020502,,2,2,9,1800,0,1,2,,2,013,US-395,"CHURCH STREET",0.00,,Y,A,-,Y,,,395,,,,,,,Y,2,0,5,2,A,-,09,21801,A,N,D,C,A,A,H,-,A,D,0,,,,,Y,,A,07,1,4,0,0,0,0,0,0,0,"- ","- ",40.302818298339844,-120.52384185791016,LASSEN,UNINCORPORATED,-120.52381896972656,40.302864074707031
90814849,2018,2018-09-17,9135,2018-09-14,1000,019680,,5,1,9,1800,0,1,3,,2,652,SR-139,"STRATTON SPRINGS RD.",528.00,S,N,A,-,Y,,,,,,,,,,Y,2,0,1,1,C,-,18,,,N,H,H,A,A,H,-,A,D,0,,,Y,,Y,,-,"- ",1,0,0,0,0,0,0,0,1,"- ","- ",,,LASSEN,UNINCORPORATED,,
90816014,2018,2018-09-18,9140,2018-09-14,0930,019275,,5,1,9,1800,0,1,3,,2,031,"STATE ROUTE 139","SPRING RIDGE DRIVE",19536.00,N,N,A,-,Y,,,139,,,,,,,Y,2,0,1,1,A,-,03,22350,,N,E,I,A,A,H,-,A,D,0,,,Y,,Y,,C,02,1,0,0,0,0,0,0,0,1,"- ","- ",40.458881378173828,-120.59342193603516,LASSEN,UNINCORPORATED,-120.59344482421875,40.458858489990234
90854170,2018,2018-11-06,9140,2018-09-08,1037,020458,,6,1,9,1800,0,1,3,,2,011,"STATE ROUTE 36","PHIL DOW ROAD",0.00,,Y,A,-,Y,,,36,,,,,,,Y,1,1,2,2,A,-,09,21802,A,N,D,C,A,A,H,-,A,A,0,,,,Y,Y,,A,01,2,0,0,0,0,0,0,0,0,"- ","- ",40.415000915527344,-120.73667144775391,LASSEN,UNINCORPORATED,-120.73667144775391,40.414997100830078
90854249,2018,2018-11-06,9140,2018-11-01,1452,019275,,4,2,9,1800,0,3,5,,2,010,"ALEXANDER LN.","COUNTY ROAD A3",2112.00,W,N,A,-,N,,,,,,,,,,Y,2,0,1,1,A,-,08,22107,,N,E,I,A,A,H,-,A,D,0,,,,,Y,,D,22,1,0,0,0,0,0,0,0,0,"- ","- ",40.350849151611328,-120.41619110107422,LASSEN,UNINCORPORATED,-120.41619110107422,40.350799560546875
90872713,2018,2018-11-30,9140,2018-11-21,1812,016322,,3,2,9,1800,0,1,2,,2,014,US-395,A-25,5280.00,S,N,B,C,Y,,,395,,,,,,,Y,2,0,3,2,A,-,03,22350,,N,C,C,A,B,H,-,D,D,0,,,,,Y,,D,22,3,0,0,0,0,0,0,0,0,"- ","- ",40.117351531982422,-120.23314666748047,LASSEN,UNINCORPORATED,-120.23313903808594,40.117374420166016