CASE_ID,ACCIDENT_YEAR,PROC_DATE,JURIS,COLLISION_DATE,COLLISION_TIME,OFFICER_ID,REPORTING_DISTRICT,DAY_OF_WEEK,CHP_SHIFT,POPULATION,CNTY_CITY_LOC,SPECIAL_COND,BEAT_TYPE,CHP_BEAT_TYPE,CITY_DIVISION_LAPD,CHP_BEAT_CLASS,BEAT_NUMBER,PRIMARY_RD,SECONDARY_RD,DISTANCE,DIRECTION,INTERSECTION,WEATHER_1,WEATHER_2,STATE_HWY_IND,CALTRANS_COUNTY,CALTRANS_DISTRICT,STATE_ROUTE,ROUTE_SUFFIX,POSTMILE_PREFIX,POSTMILE,LOCATION_TYPE,RAMP_INTERSECTION,SIDE_OF_HWY,TOW_AWAY,COLLISION_SEVERITY,NUMBER_KILLED,NUMBER_INJURED,PARTY_COUNT,PRIMARY_COLL_FACTOR,PCF_CODE_OF_VIOL,PCF_VIOL_CATEGORY,PCF_VIOLATION,PCF_VIOL_SUBSECTION,HIT_AND_RUN,TYPE_OF_COLLISION,MVIW,PED_ACTION,ROAD_SURFACE,ROAD_COND_1,ROAD_COND_2,LIGHTING,CONTROL_DEVICE,CHP_ROAD_TYPE,PEDESTRIAN_ACCIDENT,BICYCLE_ACCIDENT,MOTORCYCLE_ACCIDENT,TRUCK_ACCIDENT,NOT_PRIVATE_PROPERTY,ALCOHOL_INVOLVED,STWD_VEHTYPE_AT_FAULT,CHP_VEHTYPE_AT_FAULT,COUNT_SEVERE_INJ,COUNT_VISIBLE_INJ,COUNT_COMPLAINT_PAIN,COUNT_PED_KILLED,COUNT_PED_INJURED,COUNT_BICYCLIST_KILLED,COUNT_BICYCLIST_INJURED,COUNT_MC_KILLED,COUNT_MC_INJURED,PRIMARY_RAMP,SECONDARY_RAMP,LATITUDE,LONGITUDE,COUNTY,CITY,POINT_X,POINT_Y
90887503,2018,2018-12-21,9165,2018-10-21,1425,019781,,7,2,9,1800,0,1,3,,2,063,US-395,"POZZOLAN ROAD",1584.00,N,N,A,-,Y,,,395,,,,,,,Y,1,1,0,1,A,-,08,22107,,N,F,A,A,A,H,-,A,D,0,,,,,Y,,A,07,0,0,0,0,0,0,0,0,0,"- ","- ",39.857128143310547,-120.0408935546875,LASSEN,UNINCORPORATED,-120.04098510742188,39.857139587402344
90898440,2018,2019-01-07,9140,2018-12-23,2025,013571,,7,2,9,1800,0,1,3,,2,032,"STATE ROUTE 44 (SR-44)","GOUMAZ RD.",5280.00,W,N,B,-,Y,,,44,,,,,,,Y,2,0,2,1,A,-,03,22350,,N,E,I,A,C,H,-,D,D,0,,,,,Y,,D,22,2,0,0,0,0,0,0,0,0,"- ","- ",40.447460174560547,-120.89048767089844,LASSEN,UNINCORPORATED,-120.89048767089844,40.447479248046875
90915784,2018,2019-01-30,9140,2018-09-06,1720,020502,,4,2,9,1800,0,1,3,,2,034,"STATE ROUTE 44","POLE SPRINGS ROAD",1307.00,W,N,A,-,Y,,,,,,,,,,Y,1,1,1,1,A,-,08,22107,,N,F,A,A,A,H,-,A,D,0,,,,,Y,,D,22,1,0,0,0,0,0,0,0,0,"- ","- ",40.643890380859375,-120.25314331054688,LASSEN,UNINCORPORATED,,
90915962,2018,2019-02-11,9140,2018-08-21,1323,019471,,2,1,9,1800,0,1,2,,2,013,US-395,"COUNTY ROAD A-3",1151.00,N,N,A,-,Y,,,395,,,,,,,Y,1,3,7,4,A,-,01,23152,A,N,B,C,A,A,H,-,A,D,0,,,,,Y,Y,D,22,2,5,0,0,0,0,0,0,0,"- ","- ",40.285881042480469,-120.49318695068359,LASSEN,UNINCORPORATED,-120.49317169189453,40.285911560058594
90916008,2019,2019-01-30,9165,2019-01-28,1556,019781,,1,2,9,1800,0,1,3,,2,063,US-395,"RED ROCK RD",0.00,,Y,A,-,Y,,,395,,,,,,,Y,2,0,2,2,A,-,01,23152,A,N,D,C,A,A,H,-,A,A,0,,,,,Y,Y,A,01,1,1,0,0,0,0,0,0,0,"- ","- ",39.909530639648438,-120.01323699951172,LASSEN,UNINCORPORATED,-120.01322937011719,39.909534454345703
90943130,2019,2019-03-11,9135,2019-03-07,1430,019680,,4,2,9,1800,0,1,3,,2,651,"STATE HIGHWAY 299","DAY RD",18480.00,E,N,C,-,Y,,,,,,,,,,Y,2,0,2,1,A,-,03,22350,,N,E,I,A,B,H,-,A,D,0,,,,,Y,,A,07,1,1,0,0,0,0,0,0,0,"- ","- ",,,LASSEN,UNINCORPORATED,-121.26387023925781,41.081424713134766
91007795,2019,2019-06-11,9140,2019-06-03,0021,018094,,1,3,9,1800,0,1,2,,2,014,US-395,"WRAN ROAD",575.00,S,N,A,-,Y,,,,,,,,,,Y,2,0,1,1,A,-,01,23152,A,N,F,A,A,A,H,-,D,D,0,,,,,Y,Y,A,07,1,0,0,0,0,0,0,0,0,"- ","- ",40.115119934082031,-120.24220275878906,LASSEN,UNINCORPORATED,-120.40613555908203,40.197311401367188
91036524,2019,2019-07-24,9165,2019-07-13,2115,018600,,6,2,9,1800,0,1,3,,2,060,SR-70,"SCOTT RD",3696.00,E,N,A,-,Y,,,70,,,,,,,Y,2,0,1,1,C,-,18,,,N,H,H,A,A,D,-,D,D,0,,,Y,,Y,,-,"- ",1,0,0,0,0,0,0,0,1,"- ","- ",39.781780242919922,-120.06301116943359,LASSEN,UNINCORPORATED,-120.06301116943359,39.781784057617188
91069297,2019,2019-09-06,9140,2019-09-01,0900,015598,,7,1,9,1800,0,3,5,,2,040,"3RD STREET","CEDAR ST.",143.00,E,N,A,-,N,,,,,,,,,,N,2,0,1,2,A,-,08,22107,,N,G,B,E,A,H,-,A,D,0,Y,,,,Y,,A,01,1,0,0,0,1,0,0,0,0,"- ","- ",40.302520751953125,-121.00261688232422,LASSEN,UNINCORPORATED,-121.13849639892578,41.120311737060547
91070659,2019,2019-09-09,9135,2019-08-28,1236,018777,,3,1,9,1800,0,1,3,,2,652,"SR-139 N/B","LASSEN COUNTY ROAD A2 (SUSANVILLE ROAD)",0.00,,Y,A,-,Y,,,139,,,,,,N,Y,2,0,1,2,A,-,03,22350,,N,C,C,A,A,H,-,A,D,0,,,Y,,Y,,C,02,1,0,0,0,0,0,0,0,1,"- ","- ",41.113368988037109,-120.92133331298828,LASSEN,UNINCORPORATED,-120.92139434814453,41.113353729248047
91113644,2019,2019-11-26,9140,2019-10-29,1558,019471,,2,2,9,1800,0,1,2,,2,021,US-395,"MPM 395 LAS 75.00",294.00,S,N,A,-,Y,,,395,,,,,,,Y,1,1,1,2,A,-,09,21804,A,N,D,C,A,A,H,-,A,D,0,,,,Y,Y,,D,22,0,1,0,0,0,0,0,0,0,"- ","- ",40.376758575439453,-120.34835052490234,LASSEN,UNINCORPORATED,-120.34835052490234,40.376708984375
91118611,2019,2019-11-12,9140,2019-11-03,1237,020519,,7,1,9,1800,0,1,2,,2,015,"US 395 S/B","OLD HIGHWAY FIFTY-NINE",2974.00,N,N,A,-,Y,,,,,,,,,,Y,2,0,1,1,A,-,08,22107,,N,E,I,A,A,H,-,A,D,0,,,,,Y,,A,01,1,0,0,0,0,0,0,0,0,"- ","- ",40.161689758300781,-120.33721160888672,LASSEN,UNINCORPORATED,,
91130381,2019,2019-11-26,9140,2019-11-11,1417,016169,,1,2,9,1800,0,3,5,,2,010,"RICHMOND ROAD",US-395,102.00,W,N,A,-,N,,,,,,,,,,Y,2,0,2,2,A,-,01,23152,A,N,A,C,A,A,H,-,A,D,0,,,,,Y,Y,A,01,2,0,0,0,0,0,0,0,0,"- ","- ",40.224800109863281,-120.35310363769531,LASSEN,UNINCORPORATED,-120.59201049804688,40.380329132080078
91132704,2019,2019-12-02,9135,2019-11-26,1505,013553,,2,2,9,1800,0,1,3,,2,651,SR-299,"MUCK VALLEY RD",5808.00,W,N,B,D,Y,,,299,,,,,,,Y,2,0,4,2,A,-,08,22107,,N,A,C,A,C,H,-,A,D,0,,,,Y,Y,,D,22,1,2,1,0,0,0,0,0,0,"- ","- ",41.064388275146484,-121.22454071044922,LASSEN,UNINCORPORATED,-121.22456359863281,41.064338684082031
91144910,2019,2019-12-17,9165,2019-12-05,0735,018506,,4,1,9,1800,0,1,3,,2,060,SR-70,"PHILLIPS RD",1584.00,W,N,E,-,Y,,,70,,,,,,,Y,2,0,1,2,A,-,03,22350,,N,E,I,A,B,H,-,A,D,0,,,,,Y,,D,22,1,0,0,0,0,0,0,0,0,"- ","- ",39.788051605224609,-120.08583068847656,LASSEN,UNINCORPORATED,-120.08584594726562,39.787990570068359
91182365,2020,2020-02-07,9140,2020-01-29,0800,019275,,3,1,9,1800,0,3,5,,2,020,"JOHNSTONVILLE ROAD","CENTER ROAD",0.00,,Y,B,-,N,,,,,,,,,,Y,2,0,1,2,A,-,09,21802,A,N,D,C,A,A,H,-,A,A,0,,,,,Y,,A,07,1,0,0,0,0,0,0,0,0,"- ","- ",40.39276123046875,-120.59230041503906,LASSEN,UNINCORPORATED,-120.59232330322266,40.392791748046875
91226920,2020,2020-04-22,9140,2020-04-09,1534,018847,,4,2,9,1800,0,1,3,,2,041,SR-36,"COUNTY ROAD A21",4752.00,E,N,A,-,Y,,,36,,,,,,,Y,2,0,2,1,A,-,08,22107,,N,E,I,A,A,H,-,A,D,0,,,,,Y,,D,22,1,1,0,0,0,0,0,0,0,"- ","- ",40.316211700439453,-120.97628021240234,LASSEN,UNINCORPORATED,-120.97627258300781,40.316062927246094
91228515,2020,2020-04-22,9140,2020-04-13,1615,018094,,1,2,9,1800,0,3,5,,2,010,"PINE STREET","RAINES RD",634.00,W,N,A,-,N,,,,,,,,,,N,2,0,1,1,A,-,03,22350,,N,F,A,A,A,H,-,A,D,0,,,Y,,Y,Y,C,02,1,0,0,0,0,0,0,0,1,"- ","- ",40.175910949707031,-120.32557678222656,LASSEN,UNINCORPORATED,-120.54991912841797,40.299777984619141
91241631,2020,2020-05-25,9140,2020-05-16,1220,020519,,6,1,9,1800,0,1,3,,2,032,"STATE ROUTE 44","GOUMAZ ROAD",2112.00,W,N,A,-,Y,,,44,,,,,,,Y,2,0,1,1,A,-,17,21662,A,N,F,A,A,A,H,-,A,D,0,,,Y,,Y,,C,02,1,0,0,0,0,0,0,0,1,"- ","- ",40.447269439697266,-120.88931274414062,LASSEN,UNINCORPORATED,-120.88932037353516,40.447227478027344
91247996,2020,2020-06-05,9140,2020-05-24,1850,021043,,7,2,9,1800,0,3,5,,2,040,"COUNTY ROAD A21","USFS ROAD 30N21",565.00,S,N,A,-,N,,,,,,,,,,Y,2,0,2,1,C,-,18,,,N,H,H,A,A,H,-,A,D,0,,,Y,,Y,,-,"- ",1,1,0,0,0,0,0,0,2,"- ","- ",40.485988616943359,-121.07428741455078,LASSEN,UNINCORPORATED,,
91248541,2020,2020-06-08,9170,2020-06-01,2200,019786,,1,3,9,1800,0,1,2,,1,001,US-395,"BROCKMAN RD",10032.00,N,N,A,-,Y,,,395,,,,,,,Y,2,0,1,1,A,-,01,23152,A,N,F,A,A,A,H,-,D,D,0,,,,,Y,Y,A,07,1,0,0,0,0,0,0,0,0,"- ","- ",40.987770080566406,-120.49559020996094,LASSEN,UNINCORPORATED,-120.49584197998047,40.987831115722656
91268450,2020,2020-07-14,9140,2020-06-09,1240,016673,,2,1,9,1800,0,1,2,,2,015,US-395,"RIVERVIEW DR",598.00,S,N,A,-,Y,,,395,,,,,,,Y,1,1,3,2,A,-,05,21650,,N,A,C,A,A,H,-,A,D,0,,,,,Y,,A,01,3,0,0,0,0,0,0,0,0,"- ","- ",40.038459777832031,-120.11386108398438,LASSEN,UNINCORPORATED,-120.11393737792969,40.038383483886719
91268963,2020,2020-07-15,9140,2020-07-11,1107,019275,,6,1,9,1800,0,3,5,,2,020,"JOHNSTONVILLE ROAD",US-395,180.00,N,N,A,-,N,,,,,,,,,,Y,2,0,1,2,A,-,09,21801,A,N,D,C,A,A,H,-,A,D,0,,,,,Y,,A,01,1,0,0,0,0,0,0,0,0,"- ","- ",40.384521484375,-120.58702087402344,LASSEN,UNINCORPORATED,-120.58708190917969,40.384426116943359
91306439,2020,2020-09-17,9140,2020-09-07,1616,019471,,1,2,9,1800,0,3,5,,2,010,"WINGFIELD RD","ELYSIAN VALLEY RD",2640.00,S,N,A,-,N,,,,,,,,,,Y,2,0,1,2,A,-,05,21460,A,N,B,C,A,A,H,-,A,D,0,,,Y,,Y,,C,02,1,0,0,0,0,0,0,0,1,"- ","- ",40.323871612548828,-120.55494689941406,LASSEN,UNINCORPORATED,-120.55487823486328,40.323894500732422
91319374,2020,2020-10-07,9140,2020-09-18,1520,021683,,5,2,9,1800,0,3,5,,2,040,"COUNTY ROAD A-21","STATE ROUTE 36",8448.00,N,N,A,-,N,,,,,,,,,,N,2,0,2,1,A,-,08,22107,,N,F,A,A,A,H,-,A,D,0,,,Y,,Y,,C,02,2,0,0,0,0,0,0,0,2,"- ","- ",40.338001251220703,-120.99220275878906,LASSEN,UNINCORPORATED,,
91336953,2019,2020-11-02,9140,2019-07-09,1230,014430,,2,1,9,1800,0,1,2,,2,013,US-395,SR-36,1056.00,S,N,A,-,Y,,,395,,,,,,,Y,1,1,1,3,A,-,09,21804,B,N,B,C,A,A,H,-,A,D,0,,,,Y,Y,,A,07,0,0,1,0,0,0,0,0,0,"- ","- ",40.378799438476562,-120.58759307861328,LASSEN,UNINCORPORATED,-120.58760833740234,40.378757476806641
91343419,2019,2020-11-11,9140,2019-09-14,1333,014898,,6,1,9,1800,0,1,3,,2,011,"STATE ROUTE 36","PHILDOW RD.",634.00,E,N,A,-,Y,,,36,,,,,,,Y,1,1,1,2,A,-,08,22107,,N,A,C,A,A,H,-,A,D,0,,,,Y,Y,,A,01,1,0,0,0,0,0,0,0,0,"- ","- ",40.414981842041016,-120.73428344726562,LASSEN,UNINCORPORATED,-120.73428344726562,40.414981842041016
91344447,2020,2020-11-12,9140,2020-11-01,1440,021238,,7,2,9,1800,0,3,5,,2,040,"FOREST SERVICE ROAD 28N73","INDIAN OLE ROAD",2640.00,S,N,A,-,N,,,,,,,,,,N,2,0,2,1,A,-,03,38305,,N,F,A,A,A,H,-,A,D,0,,,Y,,Y,,C,06,1,1,0,0,0,0,0,0,2,"- ","- ",40.285018920898438,-121.03153991699219,LASSEN,UNINCORPORATED,,
91350358,2020,2020-11-20,9140,2020-10-31,0700,020458,,6,1,9,1800,0,1,2,,2,015,"US 395","S. CONSTANTIA RD.",2112.00,N,N,A,-,Y,,,,,,,,,,Y,1,1,1,2,A,-,08,22107,,N,A,C,A,A,H,-,B,D,0,,,,Y,Y,,A,07,0,1,0,0,0,0,0,0,0,"- ","- ",39.966339111328125,-120.04653167724609,LASSEN,UNINCORPORATED,-120.10483551025391,40.018295288085938
91353077,2020,2020-11-24,9170,2020-11-19,0115,020152,,4,3,9,1800,0,1,2,,1,001,US-395,"COUNTY ROAD 502 (MAIL ROUTE ROAD)",15840.00,N,N,A,-,Y,,,395,,,,,,,Y,2,0,3,1,A,-,03,22350,,N,F,A,A,C,H,-,D,D,0,,,,,Y,,D,22,1,1,1,0,0,0,0,0,0,"- ","- ",40.829441070556641,-120.41062927246094,LASSEN,UNINCORPORATED,-120.41065979003906,40.829395294189453
91371228,2020,2020-12-18,9140,2020-12-12,0530,020458,,6,3,9,1800,0,3,5,,2,020,"COUNTY ROAD A 27","CRAMER LN",2640.00,E,N,B,-,N,,,,,,,,,,Y,2,0,1,1,A,-,08,22107,,N,F,A,A,C,H,-,D,D,0,,,,,Y,,D,22,1,0,0,0,0,0,0,0,0,"- ","- ",40.397209167480469,-120.56182861328125,LASSEN,UNINCORPORATED,,
91425311,2021,2021-03-11,9140,2021-03-09,0533,020458,,2,3,9,1800,0,1,2,,2,014,US-395,"CO. RD. A25",7392.00,S,N,A,-,Y,,,395,,,,,,,Y,2,0,1,2,A,-,08,22107,,N,A,C,A,A,H,-,D,D,0,,,,Y,Y,,A,07,1,0,0,0,0,0,0,0,0,"- ","- ",40.116870880126953,-120.23139953613281,LASSEN,UNINCORPORATED,-120.23146057128906,40.116714477539062
91447522,2021,2021-04-12,9140,2021-04-03,2355,020806,,6,3,9,1800,0,1,3,,2,032,"STATE ROUTE 44","MCCOY ROAD",11616.00,W,N,A,-,Y,,,,,,,,,,Y,2,0,1,1,A,-,08,22107,,N,E,I,A,A,H,-,D,D,0,,,,,Y,,A,07,1,0,0,0,0,0,0,0,0,"- ","- ",,,LASSEN,UNINCORPORATED,-120.95735931396484,40.483810424804688
91458754,2021,2021-05-27,9140,2021-04-24,2040,020806,,6,2,9,1800,0,1,3,,2,062,"STATE ROUTE 32","POTATO PATCH CAMPGROUND ROAD",9504.00,W,N,A,-,Y,,,,,,,,,,Y,2,0,1,1,A,-,08,22107,,N,E,8,A,A,H,-,D,D,0,,,,,Y,,D,22,1,0,0,0,0,0,0,0,0,"- ","- ",,,LASSEN,UNINCORPORATED,,
91478240,2021,2021-05-27,9140,2021-05-14,0830,020047,,5,1,9,1800,0,3,5,,2,020,"JOHNSTONVILLE ROAD","BIG SKY ROAD",2112.00,E,N,A,-,N,,,,,,,,,,Y,2,0,1,1,A,-,08,22107,,N,E,I,A,A,H,-,A,D,0,,,,,Y,,D,22,1,0,0,0,0,0,0,0,0,"- ","- ",40.396991729736328,-120.60479736328125,LASSEN,UNINCORPORATED,-120.60540008544922,40.397212982177734
91481492,2021,2021-05-27,9140,2021-05-14,0700,021034,,5,1,9,1800,0,1,2,,2,022,"HWY 395","KARLO ROAD",1648.00,N,N,A,-,Y,,,395,,,,,,,Y,2,0,2,1,A,-,08,22107,,N,E,J,A,A,H,-,A,D,0,,,,,Y,,A,01,1,1,0,0,0,0,0,0,0,"- ","- ",40.599830627441406,-120.24739837646484,LASSEN,UNINCORPORATED,-120.24737548828125,40.599830627441406
91489974,2021,2021-06-04,9170,2021-05-28,1425,018478,,5,2,9,1800,0,1,2,,1,001,US-395,"ASH VALLEY ROAD",5280.00,N,N,A,-,Y,,,395,,,,,,,Y,2,0,1,1,A,-,08,22107,,N,F,0,A,A,H,-,A,D,0,,,,,Y,,D,22,1,0,0,0,0,0,0,0,0,"- ","- ",41.098068237304688,-120.47432708740234,LASSEN,UNINCORPORATED,-120.47425079345703,41.098094940185547
91490150,2021,2021-06-23,9165,2021-06-01,1340,019583,,2,1,9,1800,0,1,3,,2,062,"US-395 S/B","COUNTRY LANE",896.00,N,N,A,-,Y,,,395,,,,,,S,N,2,0,2,1,C,-,18,,,N,H,A,A,A,H,-,A,D,0,,,Y,,Y,,-,"- ",1,1,0,0,0,0,0,0,2,"- ","- ",39.740280151367188,-120.03961944580078,LASSEN,UNINCORPORATED,-120.03963470458984,39.740280151367188
91502481,2021,2021-06-22,9140,2021-06-18,0328,020519,,5,3,9,1800,0,1,A,,2,730,"STATE ROUTE 44 W/B","CONARD ROAD",3168.00,W,N,A,-,Y,,,44,,,,,,W,Y,2,0,1,1,A,-,08,22107,,N,E,J,A,A,H,-,D,D,0,,,,,Y,,D,22,1,0,0,0,0,0,0,0,0,"- ","- ",40.441051483154297,-120.86028289794922,LASSEN,UNINCORPORATED,-120.86028289794922,40.441036224365234
91517988,2021,2021-07-12,9140,2021-07-04,2230,020519,,7,3,9,1800,0,1,A,,2,730,"US 395 NORTHBOUND","CHURCH STREET",2376.00,N,N,A,-,Y,,,,,,,,,,Y,2,0,2,1,A,-,08,22107,,N,E,I,A,A,H,-,D,D,0,,,,,Y,,D,22,2,0,0,0,0,0,0,0,0,"- ","- ",,,LASSEN,UNINCORPORATED,-120.42032623291016,40.365230560302734
91558829,2021,2021-08-30,9140,2021-08-25,1410,020259,,3,2,9,1800,0,1,3,,2,032,SR-44,"CONARD RD",4752.00,W,N,A,-,Y,,,44,,,,,,,N,2,0,1,1,A,-,08,22107,,N,E,I,A,A,H,-,A,D,0,,,,,Y,,D,22,1,0,0,0,0,0,0,0,0,"- ","- ",40.447109222412109,-120.88870239257812,LASSEN,UNINCORPORATED,-120.88870239257812,40.447090148925781
91560663,2021,2021-09-01,9140,2021-07-06,1045,020502,,2,1,9,1800,0,1,3,,2,031,"STATE ROUTE 139","SPRING RIDGE DRIVE",21648.00,N,N,A,-,Y,,,139,,,,,,,Y,1,1,0,2,A,-,03,22350,,N,F,0,A,A,H,-,A,D,0,,,Y,,Y,,C,02,0,0,0,0,0,0,0,1,0,"- ","- ",40.455879211425781,-120.58791351318359,LASSEN,UNINCORPORATED,-120.58789825439453,40.455902099609375
91567814,2021,2021-09-17,9140,2021-08-24,0410,020519,,2,3,9,1800,0,1,2,,2,022,"US 395","DEEP CUT ROAD",7392.00,N,N,A,-,Y,,,,,,,,,,Y,1,1,2,1,A,-,08,22107,,N,F,A,A,A,H,-,D,D,0,,,,,Y,,A,07,0,0,2,0,0,0,0,0,0,"- ","- ",40.530078887939453,-120.26268768310547,LASSEN,UNINCORPORATED,-120.26540374755859,40.517585754394531
91579406,2021,2021-09-27,9140,2021-09-23,1350,020569,,4,1,9,1800,0,1,3,,2,041,"HWY 139","SPRING RIDGE RD",13200.00,N,N,A,-,Y,,,139,,,,,,,N,2,0,1,1,C,-,18,,,N,H,A,A,A,H,-,A,D,0,,,Y,,Y,,-,"- ",1,0,0,0,0,0,0,0,1,"- ","- ",40.468151092529297,-120.61036682128906,LASSEN,UNINCORPORATED,-120.61038208007812,40.468105316162109
91605685,2021,2021-10-25,9140,2021-08-13,0315,020696,,5,3,9,1800,0,1,3,,2,031,"STATE ROUTE 139","RICE CANYON RD.",100.00,N,N,F,-,Y,,,139,,,,,,,Y,1,1,0,1,A,-,08,22107,,N,E,I,A,A,H,-,D,D,0,,,,Y,Y,,G,25,0,0,0,0,0,0,0,0,0,"- ","- ",40.480209350585938,-120.54503631591797,LASSEN,UNINCORPORATED,-120.54505157470703,40.480216979980469
91621492,2021,2022-01-17,9165,2021-10-30,0554,018506,,6,3,9,1800,0,1,3,,2,062,"US-395 S/B",SR-70,2640.00,S,N,A,-,Y,,,395,,,,,,S,N,1,1,0,2,A,-,11,21954,A,F,G,B,E,A,H,-,D,D,0,Y,,,,Y,,N,60,0,0,0,1,0,0,0,0,0,"- ","- ",39.767200469970703,-120.03913879394531,LASSEN,UNINCORPORATED,-120.0391845703125,39.767200469970703
91630532,2021,2021-11-19,9170,2021-09-03,0620,021104,,5,1,9,1800,0,1,2,,1,001,"US HIGHWAY 395","COUNTY ROAD 527",12672.00,N,N,A,-,Y,,,395,,,,,,,Y,1,2,0,1,A,-,08,22107,,N,E,8,A,A,H,-,B,D,0,,,,,Y,,A,01,0,0,0,0,0,0,0,0,0,"- ","- ",41.087509155273438,-120.47055053710938,LASSEN,UNINCORPORATED,-120.47087860107422,41.087482452392578
91633119,2021,2021-11-23,9140,2021-11-10,1930,016322,,3,2,9,1800,0,3,5,,2,010,"DOYLE LOOP",US-395,75.00,E,N,A,-,N,,,,,,,,,,Y,2,0,1,1,A,-,05,21650,,N,F,A,A,A,H,-,C,D,0,,,Y,,Y,Y,C,02,1,0,0,0,0,0,0,0,1,"- ","- ",40.031768798828125,-120.10768127441406,LASSEN,UNINCORPORATED,-120.10021399999999,40.013634000000003
91639729,2021,2021-12-01,9135,2021-11-25,1930,019680,,4,2,9,1800,0,1,3,,2,020,"LITTLE VALLEY RD","LUMBEE DR.",6336.00,N,N,A,-,N,,,,,,,,,,Y,2,0,2,1,A,-,03,22350,,N,E,I,A,A,H,-,D,D,0,,,,,Y,,A,07,1,1,0,0,0,0,0,0,0,"- ","- ",33.894199371337891,-118.29820251464844,LASSEN,UNINCORPORATED,-121.22679138183594,40.915004730224609
91650507,2021,2021-12-13,9135,2021-12-09,0645,020908,,4,1,9,1800,0,1,3,,2,651,"SR-299 E/B (LASSEN STATE HIGHWAY)","BEAR SPRINGS RD",5280.00,E,N,A,-,Y,,,299,,,,,,E,Y,2,0,3,1,A,-,03,22350,,N,F,A,A,C,H,-,D,D,0,,,,,Y,,E,22,3,0,0,0,0,0,0,0,0,"- ","- ",41.070011138916016,-121.25189208984375,LASSEN,UNINCORPORATED,-121.25190734863281,41.069908142089844
91674925,2022,2022-01-10,9140,2022-01-06,0859,020458,,4,1,9,1800,0,1,3,,2,034,SR-44,"FOREST ROAD 38N05",810.00,W,N,A,-,Y,,,,,,,,,,Y,2,0,1,1,A,-,08,22107,,N,E,I,A,C,H,-,A,D,0,,,,,Y,,D,22,1,0,0,0,0,0,0,0,0,"- ","- ",,,LASSEN,UNINCORPORATED,,
91682163,2022,2022-01-20,9140,2022-01-07,1704,021034,,5,2,9,1800,0,1,3,,2,034,"STATE ROUTE 44","BUTTE LAKE ROAD",860.00,W,N,B,-,Y,LAS,,44,,,2.185,H,,R,N,2,0,1,2,A,-,01,23152,A,N,E,J,A,C,H,-,D,D,0,,,,,Y,,D,22,1,0,0,0,0,0,0,0,0,"- ","- ",40.64617919921875,-121.28269195556641,LASSEN,UNINCORPORATED,-121.28268432617188,40.646251678466797