CASE_ID,ACCIDENT_YEAR,PROC_DATE,JURIS,COLLISION_DATE,COLLISION_TIME,OFFICER_ID,REPORTING_DISTRICT,DAY_OF_WEEK,CHP_SHIFT,POPULATION,CNTY_CITY_LOC,SPECIAL_COND,BEAT_TYPE,CHP_BEAT_TYPE,CITY_DIVISION_LAPD,CHP_BEAT_CLASS,BEAT_NUMBER,PRIMARY_RD,SECONDARY_RD,DISTANCE,DIRECTION,INTERSECTION,WEATHER_1,WEATHER_2,STATE_HWY_IND,CALTRANS_COUNTY,CALTRANS_DISTRICT,STATE_ROUTE,ROUTE_SUFFIX,POSTMILE_PREFIX,POSTMILE,LOCATION_TYPE,RAMP_INTERSECTION,SIDE_OF_HWY,TOW_AWAY,COLLISION_SEVERITY,NUMBER_KILLED,NUMBER_INJURED,PARTY_COUNT,PRIMARY_COLL_FACTOR,PCF_CODE_OF_VIOL,PCF_VIOL_CATEGORY,PCF_VIOLATION,PCF_VIOL_SUBSECTION,HIT_AND_RUN,TYPE_OF_COLLISION,MVIW,PED_ACTION,ROAD_SURFACE,ROAD_COND_1,ROAD_COND_2,LIGHTING,CONTROL_DEVICE,CHP_ROAD_TYPE,PEDESTRIAN_ACCIDENT,BICYCLE_ACCIDENT,MOTORCYCLE_ACCIDENT,TRUCK_ACCIDENT,NOT_PRIVATE_PROPERTY,ALCOHOL_INVOLVED,STWD_VEHTYPE_AT_FAULT,CHP_VEHTYPE_AT_FAULT,COUNT_SEVERE_INJ,COUNT_VISIBLE_INJ,COUNT_COMPLAINT_PAIN,COUNT_PED_KILLED,COUNT_PED_INJURED,COUNT_BICYCLIST_KILLED,COUNT_BICYCLIST_INJURED,COUNT_MC_KILLED,COUNT_MC_INJURED,PRIMARY_RAMP,SECONDARY_RAMP,LATITUDE,LONGITUDE,COUNTY,CITY,POINT_X,POINT_Y
91690794,2021,2022-02-01,9140,2021-11-10,1425,016322,,3,2,9,1800,0,1,2,,2,013,US-395,"COUNTY ROAD A-3 (A-3) (STANDISH-BUNTINGVILLE ROAD)",0.00,,Y,B,-,Y,,,395,,,,,,,Y,1,1,2,2,A,-,09,21802,A,N,E,C,A,A,H,-,A,A,0,,,,,Y,,A,07,2,0,0,0,0,0,0,0,0,"- ","- ",40.283580780029297,-120.49021911621094,LASSEN,UNINCORPORATED,-120.49014282226562,40.283660888671875
91712100,2022,2022-03-01,9165,2022-02-24,1256,018243,,4,1,9,1800,0,1,3,,2,063,"RED ROCK ROAD",US-395,0.00,,Y,A,-,Y,LAS,,395,,,14.337,H,,R,Y,2,0,3,2,A,-,09,21802,A,N,A,2,A,A,H,-,A,A,0,,,,,Y,,A,07,3,0,0,0,0,0,0,0,0,"- ","- ",39.909488677978516,-120.01322174072266,LASSEN,UNINCORPORATED,-120.01324462890625,39.90948486328125
91752895,2022,2022-04-20,9140,2022-04-18,1350,015598,,1,1,9,1800,0,1,3,,2,042,"STATE ROUTE 147","PLUMAS/LASSEN COUNTY LINE",986.00,N,N,A,-,Y,LAS,,147,,,0.201,H,,R,N,2,0,1,1,A,-,03,22350,,N,F,A,A,A,H,-,A,D,0,,,Y,,Y,,C,02,1,0,0,0,0,0,0,0,1,"- ","- ",40.296100616455078,-121.05841827392578,LASSEN,UNINCORPORATED,-121.05838012695312,40.296066284179688
91762491,2021,2022-05-02,9140,2021-11-08,1026,018094,,1,1,9,1800,0,1,3,,2,031,SR-139,"SPRING RIDGE DRIVE",10718.00,S,N,A,-,Y,,,139,,,,,,,Y,2,0,1,2,C,-,18,,,N,B,C,A,A,H,-,A,D,0,,,Y,,Y,,-,"- ",1,0,0,0,0,0,0,0,0,"- ","- ",40.465858459472656,-120.61691284179688,LASSEN,UNINCORPORATED,-120.61675262451172,40.465827941894531
91774133,2021,2022-05-17,9140,2021-11-22,1714,018094,,1,2,9,1800,0,1,3,,2,034,SR-44,"BOGARD REST AREA",6336.00,E,N,A,-,Y,,,,,,,,,,Y,1,1,1,1,A,-,08,22107,,N,E,I,A,A,H,-,D,D,0,,,,Y,Y,,-,"- ",1,0,0,0,0,0,0,0,0,"- ","- ",40.355941772460938,-121.06070709228516,LASSEN,UNINCORPORATED,,
91792747,2022,2022-06-10,9140,2022-06-04,1355,020458,,6,1,9,1800,0,1,2,,2,015,US-395,"OLD HIGHWAY",250.00,S,N,B,-,Y,,,,,,,,,,Y,2,0,2,1,A,-,05,21650,,N,E,I,A,A,H,-,A,D,0,,,,,Y,,A,07,1,1,0,0,0,0,0,0,0,"- ","- ",38.582401275634766,-121.49539947509766,LASSEN,UNINCORPORATED,-120.18198394775391,40.095466613769531
91834600,2021,2022-08-08,9140,2021-06-28,1711,016169,,1,2,9,1800,0,1,2,,2,021,US-395,"MAPES ROAD",3168.00,S,N,A,-,Y,,,,,,,,,,Y,2,0,2,1,A,-,05,21650,,N,E,8,A,A,H,-,A,D,0,,,,,Y,,D,22,2,0,0,0,0,0,0,0,0,"- ","- ",40.223640441894531,-120.20211791992188,LASSEN,UNINCORPORATED,-120.32758331298828,40.377101898193359
91841615,2022,2022-08-16,9140,2022-05-26,0040,020806,,4,3,9,1800,0,1,2,,2,021,"US HIGHWAY 395","BYERS PASS ROAD",672.00,N,N,A,-,Y,LAS,,395,,,66.693,H,,R,Y,1,1,0,1,A,-,01,23152,A,N,F,A,A,A,H,-,D,D,0,,,Y,,Y,Y,C,02,0,0,0,0,0,0,0,1,0,"- ","- ",40.375530242919922,-120.48574066162109,LASSEN,UNINCORPORATED,-120.48574066162109,40.375526428222656
91846928,2022,2022-08-23,9140,2022-07-02,1256,020458,,6,1,9,1800,0,1,2,,2,015,US-395,"CONSTANTIA RD.",1848.00,S,N,A,-,Y,LAS,,395,,R,22.804,H,,R,N,1,1,0,2,A,-,11,21953,,N,G,B,E,A,H,-,A,D,0,Y,,,,Y,,N,60,0,0,0,1,0,0,0,0,0,"- ","- ",40.011508941650391,-120.09465789794922,LASSEN,UNINCORPORATED,-120.09456634521484,40.011619567871094
91853306,2022,2022-08-30,9140,2022-08-26,1750,016322,,5,2,9,1800,0,3,5,,2,030,"LAKE VIEW DRIVE","MAHOGANY WAY",1056.00,W,N,A,-,N,,,,,,,,,,N,2,0,1,1,A,-,08,22107,,N,E,I,A,A,H,-,A,D,0,,,Y,,Y,,C,02,1,0,0,0,0,0,0,0,1,"- ","- ",40.661590576171875,-120.77890777587891,LASSEN,UNINCORPORATED,,
91873736,2022,2022-09-26,9140,2022-07-15,2500,020569,,5,4,9,1800,0,3,5,,2,010,"CONSTANTIA ROAD",US-395,5808.00,W,N,A,-,N,,,,,,,,,,Y,1,1,0,1,A,-,08,22107,,N,E,I,A,A,H,-,A,D,0,,,Y,,Y,,C,02,0,0,0,0,0,0,0,1,0,"- ","- ",39.946510314941406,-120.04994201660156,LASSEN,UNINCORPORATED,-120.10047912597656,40.013721466064453
91887421,2022,2022-10-11,9140,2022-10-03,1649,020696,,1,2,9,1800,0,1,3,,2,011,SR-36,"WILLARD CREEK RD.",9504.00,W,N,A,-,Y,LAS,,36,,,13.965,H,,R,N,2,0,2,2,A,-,05,21460,A,N,A,C,A,A,H,-,A,D,0,,,Y,,Y,,C,02,2,0,0,0,0,0,0,0,2,"- ","- ",40.368278503417969,-120.83492279052734,LASSEN,UNINCORPORATED,-120.83493041992188,40.368221282958984
91891074,2022,2022-10-17,9140,2022-10-07,0813,021345,,5,1,9,1800,0,1,3,,2,031,SR-139,"TERMO GRASSHOPPER ROAD",26928.00,S,N,A,-,Y,LAS,,139,,,38.364,H,,R,Y,2,0,3,3,A,-,05,21650,,N,A,C,A,A,D,-,A,A,0,,,,,Y,,D,22,3,0,0,0,0,0,0,0,0,"- ","- ",40.839939117431641,-120.75144958496094,LASSEN,UNINCORPORATED,-120.75150299072266,40.839939117431641
91967129,2023,2023-01-12,9135,2023-01-08,1410,019257,,7,2,9,1800,0,1,3,,2,651,"STATE ROUTE 299","DAY ROAD",756.00,W,N,A,-,Y,LAS,,299," "," ",1.438,H,,R,Y,2,0,2,1,A,-,08,22107,,N,E,I,A,B,H,-,A,D,0,,,,,Y,,A,01,2,0,0,0,0,0,0,0,0,"- ","- ",41.086269378662109,-121.31725311279297,LASSEN,UNINCORPORATED,-121.31715393066406,41.086231231689453
91993498,2022,2023-02-13,9140,2022-12-06,1542,020519,,2,2,9,1800,0,1,3,,2,032,SR-44,"COUNTY ROAD A21",2851.00,E,N,B,-,Y,LAS,,44,,,19.867,H,,R,Y,1,1,0,2,A,-,12,22451,A,N,H,F,A,C,H,-,A,A,0,,,,Y,Y,,G,25,0,0,0,0,0,0,0,0,0,"- ","- ",40.525901794433594,-121.03195953369141,LASSEN,UNINCORPORATED,-121.03195953369141,40.525897979736328
92004341,2023,2023-02-27,9140,2023-02-21,1808,020519,,2,2,9,1800,0,1,2,,2,015,"US 395","LAVER CROSSING",0.00,,Y,B,-,Y,LAS,,395," "," ",26.590,H,,R,Y,2,0,2,2,A,-,03,22350,,N,C,C,A,B,H,-,D,D,0,,,,,Y,,A,01,1,1,0,0,0,0,0,0,0,"- ","- ",40.056671142578125,-120.13111114501953,LASSEN,UNINCORPORATED,-120.131103515625,40.056671142578125
92047009,2023,2023-04-17,9140,2023-04-01,2027,016169,,6,2,9,1800,0,1,2,,2,013,US-395,"OAK TREE LANE",1056.00,N,N,C,-,Y,LAS,,395," "," ",51.382,H,,R,Y,2,0,2,3,A,-,03,22350,,N,D,C,E,B,B,-,D,D,0,Y,,,,Y,,M,47,1,0,1,0,1,0,0,0,0,"- ","- ",40.277641296386719,-120.48509216308594,LASSEN,UNINCORPORATED,-120.48501586914062,40.277675628662109
92062430,2023,2023-05-22,9140,2023-05-04,1545,016169,,4,2,9,1800,0,1,2,,2,015,US-395,"COWBOY JOE ROAD",1848.00,N,N,B,C,Y,LAS,,395," "," ",28.900,H,,R,Y,2,0,1,1,A,-,03,22350,,N,F,A,A,B,H,-,A,D,0,,,,,Y,,D,22,1,0,0,0,0,0,0,0,0,"- ","- ",40.083049774169922,-120.15743255615234,LASSEN,UNINCORPORATED,-120.15733337402344,40.083133697509766
92074603,2023,2023-05-22,9140,2023-04-01,2026,016169,,6,2,9,1800,0,1,2,,2,013,US-395,"OAK TREE LANE",1056.00,N,N,C,-,Y,LAS,,395," "," ",51.410,H,,R,Y,2,0,2,2,C,-,18,,,N,H,H,A,B,H,-,D,D,0,,,,,Y,,-,"- ",1,0,1,0,0,0,0,0,0,"- ","- ",40.278011322021484,-120.48532867431641,LASSEN,UNINCORPORATED,-120.48530578613281,40.278022766113281
92091912,2023,2023-06-12,9140,2023-03-14,1956,020502,,2,2,9,1800,0,1,2,,2,013,"US 395","SADDLEBACK LANE",2112.00,N,N,C,G,Y,LAS,,395," "," ",55.661,H,,R,Y,1,1,1,2,A,-,05,21650,,N,F,0,A,B,G,-,D,A,0,,,,Y,Y,,G,25,0,1,0,0,0,0,0,0,0,"- ","- ",40.320030212402344,-120.54385375976562,LASSEN,UNINCORPORATED,-120.54387664794922,40.320022583007812
92092927,2023,2023-06-13,9140,2023-06-07,1600,020806,,3,2,9,1800,0,3,5,,2,040,"INDIAN OLE ROAD","COUNTY ROAD A21",5808.00,S,N,B,-,N,,,,,,,,,,Y,2,0,1,1,A,-,08,22107,,N,E,I,A,A,H,-,A,D,0,,,,,Y,,D,22,1,0,0,0,0,0,0,0,0,"- ","- ",40.299381256103516,-121.03131103515625,LASSEN,UNINCORPORATED,-121.02940368652344,40.287849426269531
92104620,2023,2023-06-28,9140,2023-06-24,1607,016169,,6,2,9,1800,0,3,5,,2,020,"SMOKE CREEK RANCH ROAD",US-395,44352.00,E,N,B,-,N,,,,,,,,,,N,2,0,1,1,A,-,03,22350,,N,F,A,A,A,A,-,A,D,0,,,Y,,Y,Y,C,02,1,0,0,0,0,0,0,0,1,"- ","- ",40.489448547363281,-120.14775085449219,LASSEN,UNINCORPORATED,-120.28157043457031,40.430538177490234
92131742,2023,2023-07-31,9140,2023-07-22,2008,022170,,6,2,9,1800,0,3,5,,2,040,"COUNTY ROAD A21",SR-36,10560.00,N,N,A,-,N,,,,,,,,,,N,2,0,1,1,C,-,18,,,N,E,H,A,A,H,-,B,D,0,,,Y,,Y,,-,"- ",1,0,0,0,0,0,0,0,1,"- ","- ",40.353660583496094,-120.9976806640625,LASSEN,UNINCORPORATED,-120.99480438232422,40.343509674072266
92145757,2023,2023-08-16,9140,2023-06-28,1913,020519,,3,2,9,1800,0,1,3,,2,032,"RT 44","JENSEN HILL ROAD",650.00,E,N,A,-,Y,LAS,,44," "," ",35.557,H,,R,Y,1,1,0,1,A,-,08,22107,,N,F,A,A,A,H,-,A,D,0,,,,,Y,,A,01,0,0,0,0,0,0,0,0,0,"- ","- ",40.418720245361328,-120.78450775146484,LASSEN,UNINCORPORATED,-120.78449249267578,40.418727874755859
92176529,2023,2023-09-21,9140,2023-09-14,"635 ",016322,,4,1,9,1800,0,1,3,,2,032,SR-44,"MCCOY RD",7920.00,W,N,A,-,Y,LAS,,44," "," ",25.412,H,,R,Y,2,0,2,1,A,-,05,21650,,N,E,8,A,A,H,-,A,D,0,,,,,Y,,D,22,2,0,0,0,0,0,0,0,0,"- ","- ",40.477199554443359,-120.94886016845703,LASSEN,UNINCORPORATED,-120.94882202148438,40.477226257324219
92232251,2023,2023-11-09,9140,2023-10-29,"700 ",020806,,7,1,9,1800,0,3,5,,2,010,"GOLD RUN ROAD","GUNDERSON ROAD",1056.00,W,N,A,-,N,,,,,,,,,,Y,2,0,2,1,A,-,01,23152,A,N,E,I,A,A,H,-,B,D,0,,,,,Y,Y,A,07,2,0,0,0,0,0,0,0,0,"- ","- ",40.37255859375,-120.666259765625,LASSEN,UNINCORPORATED,,
92240503,2023,2023-11-20,9140,2023-11-19,"805 ",020502,,7,1,9,1800,0,1,3,,2,034,"STATE ROUTE 44","BOGARD CAMPGROUND ROAD",4224.00,E,N,A,-,Y,LAS,,44," "," ",17.547,H,,R,Y,2,0,1,1,A,-,05,21650,,N,F,A,A,C,H,-,A,D,0,,,,,Y,,D,22,1,0,0,0,0,0,0,0,0,"- ","- ",40.553878784179688,-121.05535125732422,LASSEN,UNINCORPORATED,-121.05516052246094,40.553958892822266
92346301,2024,2024-03-25,9170,2024-03-21,2155,020724,,4,2,9,1800,0,1,2,,1,001,US-395,"DRY CREEK ROAD",20064.00,S,N,B,-,Y,LAS,,395," "," ",132.558,H,,R,Y,2,0,2,1,A,-,01,23152,A,N,E,8,A,A,H,-,D,D,0,,,,,Y,Y,E,22,1,1,0,0,0,0,0,0,0,"- ","- ",41.101100921630859,-120.47537994384766,LASSEN,UNINCORPORATED,-120.47541809082031,41.101085662841797
92404723,2024,2024-06-03,9140,2024-06-02,"630 ",021345,,7,1,9,1800,0,1,2,,2,022,US-395,"395 LAS 96.00",185.00,S,N,B,-,Y,LAS,,395," "," ",96.353,H,,R,Y,2,0,1,1,A,-,08,22107,,N,E,I,A,A,H,-,A,D,0,,,,,Y,,A,07,1,0,0,0,0,0,0,0,0,"- ","- ",40.641330718994141,-120.25472259521484,LASSEN,UNINCORPORATED,-120.25489807128906,40.641273498535156
92413000,2024,2024-06-12,9140,2024-06-04,"913 ",019275,,2,1,9,1800,0,3,5,,2,010,"RICHMOND ROAD","BANTLEY DRIVE",0.00,,Y,A,-,N,,,,,,,,,,N,2,0,1,2,A,-,05,21460,A,N,D,C,A,A,H,-,A,D,0,,,Y,,Y,,C,02,1,0,0,0,0,0,0,0,1,"- ","- ",40.375858306884766,-120.60398864746094,LASSEN,UNINCORPORATED,-120.60408782958984,40.375873565673828
92425461,2024,2024-06-27,9140,2024-06-15,"555 ",021683,,6,3,9,1800,0,1,3,,2,031,"STATE ROUTE 139","COUNTY ROAD A-1",32419.00,S,N,A,-,Y,LAS,,139," "," ",24.643,H,,R,Y,2,0,1,1,A,-,08,22107,,N,E,I,A,A,H,-,A,D,0,,,,,Y,,A,01,1,0,0,0,0,0,0,0,0,"- ","- ",40.666088104248047,-120.65763854980469,LASSEN,UNINCORPORATED,-120.65761566162109,40.666084289550781
92430939,2024,2024-07-04,9140,2024-06-24,"200 ",020806,,1,3,9,1800,0,3,5,,2,010,"GOLD RUN ROAD","GUNDERSON ROAD",2112.00,W,N,A,-,N,,,,,,,,,,N,2,0,1,1,C,-,18,,,N,H,A,A,A,H,-,C,D,0,,,,,Y,,-,"- ",1,0,0,0,0,0,0,0,0,"- ","- ",40.369888305664062,-120.66793823242188,LASSEN,UNINCORPORATED,,
92800753,2024,2024-07-29,9135,2024-07-23,"300 ",021265,,2,3,9,1800,0,1,3,,2,651,"SR-299 E/B","DAY RD",6336.00,E,N,A,-,Y,LAS,,299," "," ",2.222,H,,R,Y,2,0,2,2,A,-,08,22107,,N,B,C,A,A,H,-,D,D,0,,,,Y,Y,,A,01,2,0,0,0,0,0,0,0,0,"- ","- ",41.093288421630859,-121.30554962158203,LASSEN,UNINCORPORATED,-121.30556488037109,41.093303680419922
94395508,2024,2024-09-16,9170,2024-09-08,"30  ",019786,,7,3,9,1800,0,1,2,,1,001,US-395,"DRY CREEK ROAD",7920.00,S,N,A,-,Y,LAS,,395," "," ",134.768,H,,R,Y,2,0,1,1,A,-,01,23152,F,N,F,A,A,A,H,-,D,D,0,,,,,Y,,A,01,1,0,0,0,0,0,0,0,0,"- ","- ",41.127189636230469,-120.49619293212891,LASSEN,UNINCORPORATED,-120.49626159667969,41.127105712890625
94434340,2024,2024-10-17,9165,2024-09-01,1010,018622,,7,1,9,1800,0,1,3,,2,063,US-395,SR-70,8448.00,N,N,A,-,Y,LAS,,395," "," ",6.236,H,,R,Y,1,2,2,2,A,-,05,21460,A,N,F,0,A,A,H,-,A,D,0,,,Y,,Y,,D,22,0,0,2,0,0,0,0,2,0,"- ","- ",39.798458099365234,-120.03585815429688,LASSEN,UNINCORPORATED,-120.03580474853516,39.798450469970703
94500338,2024,2024-12-13,9140,2024-12-05,1720,021958,,4,2,9,1800,0,1,3,,2,012,SR36,US395,2640.00,W,N,E,-,Y,LAS,,36," ",R,28.929,H,,R,Y,2,0,2,2,A,-,09,21804,A,N,B,C,A,A,H,-,D,D,0,,,,,Y,,A,01,1,0,1,0,0,0,0,0,0,"- ","- ",40.383869171142578,-120.59956359863281,LASSEN,UNINCORPORATED,-120.59957122802734,40.383857727050781
94581250,2025,2025-02-17,9165,2025-02-13,"605 ",018622,,4,1,9,1800,0,1,3,,2,060,SR-70,"PHILLIPS RD",6336.00,W,N,D,-,Y,LAS,,70," "," ",0.320,H,,R,N,2,0,1,1,A,-,03,22350,,N,E,8,A,C,H,-,B,D,0,,,,,Y,,A,01,1,0,0,0,0,0,0,0,0,"- ","- ",39.790298461914062,-120.10256195068359,LASSEN,UNINCORPORATED,-120.10256195068359,39.790275573730469
94600114,2025,2025-03-18,9140,2025-02-22,"600 ",023792,,6,1,9,1800,0,3,5,,2,010,"LAURA DRIVE","WILLOW DRIVE",177.00,S,N,A,-,N,,,,,,,,,,Y,2,0,1,1,A,-,03,22350,,N,E,8,A,A,H,-,B,D,0,,,,,Y,,A,01,1,0,0,0,0,0,0,0,0,"- ","- ",40.029399871826172,-120.11003112792969,LASSEN,UNINCORPORATED,-120.12322235107422,40.041160583496094
94606672,2025,2025-03-18,9140,2025-02-20,1450,023792,,4,2,9,1800,0,1,3,,2,034,SR-44,"MPM 7.00",528.00,E,N,C,-,Y,LAS,,44," "," ",7.088,H,,R,Y,2,0,1,1,A,-,08,22107,,N,E,8,A,A,H,-,A,D,0,,,,Y,Y,,G,25,1,0,0,0,0,0,0,0,0,"- ","- ",40.653488159179688,-121.1973876953125,LASSEN,UNINCORPORATED,-121.19737243652344,40.653541564941406
94643266,2025,2025-04-09,9140,2025-03-19,"840 ",021265,,3,1,9,1800,0,1,S,,2,604,SR-44,RTE36N18,12408.00,W,N,B,-,Y,LAS,,44," "," ",0.028,H,,R,Y,2,0,1,1,A,-,08,22107,,N,E,I,A,B,H,-,A,D,0,,,,,Y,,A,01,1,0,0,0,0,0,0,0,0,"- ","- ",40.654979705810547,-121.32186126708984,LASSEN,UNINCORPORATED,-121.32186126708984,40.654979705810547
94644752,2025,2025-08-28,9140,2025-01-30,"541 ",019275,,4,3,9,1800,0,1,2,,2,013,US-395,"DIANE DRIVE",5808.00,S,N,A,-,Y,LAS,,395," "," ",59.225,H,,R,Y,1,1,0,3,A,-,03,22350,,N,G,1,E,A,H,-,D,D,0,Y,,,,Y,,A,07,0,0,0,1,0,0,0,0,0,"- ","- ",40.362518310546875,-120.56719207763672,LASSEN,UNINCORPORATED,-120.56721496582031,40.362506866455078
94663361,2025,2025-04-24,9140,2025-03-16,2500,023834,,7,4,9,1800,0,1,3,,2,031,"STATE ROUTE 139","MILE MARKER 23.5",437.00,S,N,D,-,Y,LAS,,139," "," ",23.483,H,,R,Y,2,0,1,1,A,-,08,22107,,N,E,8,A,B,H,-,D,D,0,,,,,Y,,-,"- ",1,0,0,0,0,0,0,0,0,"- ","- ",40.649818420410156,-120.65785217285156,LASSEN,UNINCORPORATED,-120.65777587890625,40.649814605712891
94686948,2025,2025-05-14,9140,2025-05-04,1602,024477,,7,2,9,1800,0,1,2,,2,015,"US 395","RED ROCK ROAD",1056.00,N,N,A,-,Y,LAS,,395," "," ",14.584,H,,R,Y,2,0,2,2,A,-,01,23152,A,N,A,C,A,A,H,-,A,D,0,,,,,Y,Y,A,01,1,1,0,0,0,0,0,0,0,"- ","- ",39.912841796875,-120.01495361328125,LASSEN,UNINCORPORATED,-120.01493072509766,39.912845611572266
94693994,2025,2025-05-20,9140,2025-05-11,1306,024473,,7,1,9,1800,0,1,2,,2,015,"US 395","S. CONSTANTIA RD",0.00,,Y,G,-,Y,LAS,,395," ",R,17.375,H,,R,N,2,0,1,2,A,-,03,22350,,N,C,C,A,A,H,-,A,D,0,,,Y,Y,Y,,G,25,1,0,0,0,0,0,0,0,1,"- ","- ",39.950309753417969,-120.03067016601562,LASSEN,UNINCORPORATED,-120.03071594238281,39.950279235839844
94740909,2025,2025-06-26,9135,2025-06-20,2100,022791,,5,2,9,1800,0,1,3,,2,651,SR-299,"OLD HIGHWAY ROAD",6864.00,W,N,A,-,Y,LAS,,299," "," ",2.639,H,,R,Y,2,0,1,1,A,-,08,22107,,N,F,A,A,A,H,-,D,D,0,,,,,Y,,D,22,1,0,0,0,0,0,0,0,0,"- ","- ",41.096889495849609,-121.29924011230469,LASSEN,UNINCORPORATED,-121.29927825927734,41.096923828125
94755092,2025,2025-07-09,9140,2025-06-19,"719 ",023039,,4,1,9,1800,0,3,5,,2,030,"RICHMOND ROAD","BANTLEY DRIVE",1584.00,W,N,A,-,N,,,,,,,,,,Y,2,0,1,2,A,-,06,21750,,N,D,C,A,A,H,-,A,D,0,,,Y,,Y,,C,02,1,0,0,0,0,0,0,0,1,"- ","- ",40.376251220703125,-120.60984039306641,LASSEN,UNINCORPORATED,-120.60974884033203,40.376201629638672
9520511,2023,2025-07-22,1801,2023-04-12,1710,2500,,3,5,3,1801,0,0,0,,0,,"PAUL BUNYAN RD",SKYLINE,0.00,E,N,A,-,N,,,,,,,,,,N,1,1,0,1,A,-,03,22350,,N,F,A,A,A,H,-,B,D,0,,,Y,,Y,,C,02,0,0,0,0,0,0,0,1,0,"- ","- ",40.429389953613281,-120.65529632568359,LASSEN,SUSANVILLE,-120.65606689453125,40.431247711181641
9566549,2021,2023-05-08,1801,2021-05-23,0147,2258,,7,5,3,1801,0,0,0,,0,,"GRAND AV","NORTH ST",0.00,,Y,A,-,N,,,,,,,,,,Y,2,0,3,1,A,-,01,23153,B,N,A,I,A,A,A,-,C,D,0,,,,,Y,,D,22,3,0,0,0,0,0,0,0,0,"- ","- ",40.418498992919922,-120.65244293212891,LASSEN,SUSANVILLE,-120.65242767333984,40.418533325195312
9566552,2021,2023-05-08,1801,2021-08-03,1810,2447,,2,5,3,1801,0,0,0,,0,,"RICHMOND RD","RIVERSIDE DR",0.00,,Y,A,-,N,,,,,,,,,,Y,2,0,4,3,A,-,08,22107,,N,A,C,A,A,H,-,A,D,0,,,,,Y,,A,01,1,2,1,0,0,0,0,0,0,"- ","- ",40.453220367431641,-120.57160949707031,LASSEN,SUSANVILLE,-120.65971374511719,40.415336608886719
9699203,2024,2024-07-11,1801,2024-02-24,1734,2438,,6,5,3,1801,0,0,0,,0,,"MAIN ST","RUSSELL AV",200.00,E,N,A,-,Y,LAS,2,36,-,-,26.090,H,-,E,N,2,0,2,2,A,-,09,21804,A,N,D,C,A,A,H,-,B,D,0,,,,,Y,Y,D,22,1,0,1,0,0,0,0,0,0,"- ","- ",40.411041259765625,-120.63648223876953,LASSEN,SUSANVILLE,-120.63690185546875,40.410961151123047